Condition;Drug name;Effectiveness (0-4);Side effects (0-4);Benefits review polarity (0-1);Side effects review polarity (0-1);Comments review polarity (0-1);Number of reviews;Prediction mae;Predicted rating (1-10)
1mg;propecia;3.0;3.0;0.6303140096618357;0.4575163398692811;0.7166666666666667;1;1.0;8.0
2;aricept;4.0;4.0;0.825;0.911764705882353;0.825;1;1.0;10.0
2 broken arms;mobic;4.0;4.0;0.5;0.5294117647058824;0.525;1;1.0;10.0
75 mg;effexor;3.0;3.0;0.6529166666666667;0.38235294117647056;0.5;1;0.0;8.0
? 'heart failure';prinivil;0.0;2.0;0.8;0.4558823529411765;0.5308333333333334;1;2.0;1.0
acid reflux;nexium;3.3333333333333335;4.0;0.5111111111111112;0.5294117647058824;0.5;3;0.3333333333333333;8.666666666666666
acid reflux;prilosec;4.0;4.0;0.525;0.5294117647058824;0.5552777777777778;1;0.0;10.0
acid reflux / barrett's esophagus;nexium;3.0;4.0;0.5223214285714286;0.6764705882352942;0.65625;1;1.0;9.0
acid reflux, gerd;protonix;3.0;4.0;0.5;0.5294117647058824;0.625;1;1.0;8.0
acl surgery;percocet;2.0;2.0;0.5;0.4509803921568628;0.5;1;1.0;6.0
acne;accutane;3.2222222222222223;1.8888888888888888;0.49344837261503927;0.5319629240585123;0.52796875;9;1.0;6.444444444444445
acne;aldactone;4.0;0.0;0.6270833333333333;0.8193277310924371;0.5979166666666667;1;0.0;1.0
acne;avita;3.0;3.0;0.7625;0.5957219251336898;0.6033333333333333;2;1.0;8.0
acne;benzaclin;3.0;3.0;0.4708333333333333;0.5294117647058824;0.5;1;0.0;8.0
acne;cleocin;2.0;2.0;0.5;0.5;0.5549999999999999;1;1.0;7.0
acne;differin;2.142857142857143;2.4285714285714284;0.5484755720470006;0.5433973589435774;0.5599937805700793;7;1.2857142857142858;6.428571428571429
acne;doryx;3.0;2.0;0.615625;0.5893246187363834;0.5;1;0.0;7.0
acne;doxycycline;4.0;3.0;1.0;0.7254901960784313;0.5;1;2.0;10.0
acne;duac;3.0;2.6666666666666665;0.5166666666666666;0.5491557734204794;0.5156695156695156;3;1.0;8.333333333333334
acne;erythromycin;1.0;3.0;0.5340909090909091;0.44607843137254893;0.49375;1;4.0;7.0
acne;minocycline;0.0;1.0;0.54375;0.634313725490196;0.5;1;0.0;1.0
acne;ortho-tri-cyclen-lo;3.0;2.0;0.625;0.553921568627451;0.625;1;1.0;8.0
acne;panixine-disperdose;4.0;3.0;0.5294270833333333;0.4297385620915033;0.5;1;2.0;10.0
acne;retin-a;3.0;2.3333333333333335;0.628062678062678;0.5607843137254902;0.4800320512820513;3;1.3333333333333333;8.333333333333334
acne;retin-a-micro;3.6666666666666665;2.6666666666666665;0.5986111111111111;0.533202614379085;0.4615740740740741;3;0.6666666666666666;8.666666666666666
acne;solodyn;2.0;0.0;0.5535714285714286;0.6225490196078431;0.5769972451790634;1;0.0;1.0
acne;sotret;3.0;1.0;0.6616666666666666;0.4751633986928104;0.4875;1;3.0;1.0
acne;spironolactone;3.0;4.0;0.6071428571428571;0.5294117647058824;0.5564285714285714;1;2.0;8.0
acne;tazorac;3.3333333333333335;2.3333333333333335;0.5950462962962962;0.48403944911297847;0.5410151515151514;3;1.0;8.0
acne;tetracycline;1.0;2.0;0.4166666666666667;0.5294117647058824;0.5;1;1.0;3.0
acne;triaz;4.0;3.0;0.59375;0.5718954248366013;0.50625;1;0.0;10.0
acne;yasmin;3.0;3.0;0.4166666666666667;0.5294117647058824;0.5;1;0.0;8.0
acne;ziana;3.0;3.0;0.6625;0.5563725490196079;0.5479166666666666;1;0.0;8.0
acne  and scarring;accutane;3.0;2.0;0.5;0.4901960784313726;0.6;1;0.0;8.0
acne & rosacea;finacea;3.0;4.0;0.5255208333333333;0.5294117647058824;0.5;1;0.0;8.0
acne & sun damaged skin;renova;3.0;3.0;0.6041666666666666;0.5571895424836601;0.48203125;1;1.0;8.0
acne and red marks from acne;finacea;4.0;3.0;0.5077380952380952;0.553921568627451;0.5717592592592593;1;1.0;10.0
acne and wrinkles;retin-a;3.0;3.0;0.5729166666666667;0.6160130718954249;0.4833333333333333;1;2.0;8.0
acne problem;differin;2.0;4.0;0.5;0.49280798177857005;0.5;1;0.0;7.0
acne scarring & hyperpigmentation;claripel-cream;3.0;3.0;0.425;0.5294117647058824;0.5;1;0.0;8.0
acne vulgaris;accutane;3.5;1.5;0.5;0.47589869281045755;0.5245833333333334;2;1.0;7.5
acne, aging;tazorac;3.0;3.0;0.7145833333333333;0.5294117647058824;0.7145833333333333;1;0.0;8.0
acne, anti-aging;retin-a;2.0;3.0;0.5729166666666666;0.6183006535947713;0.525;1;0.0;7.0
acne-i was 22 yrs old when i took it;tetracycline;0.0;0.0;0.5;0.5294117647058824;0.6950000000000001;1;0.0;1.0
acne/dull skin;retin-a;3.0;4.0;0.6;0.5882352941176471;0.5730555555555555;1;0.0;9.0
actinic keratoses;efudex;2.0;1.0;0.6180555555555556;0.36764705882352944;0.4583333333333333;1;3.0;1.0
add;adderall;4.0;3.0;0.5558088235294117;0.5294117647058824;0.5;1;0.0;10.0
add;adderall-xr;4.0;0.0;0.6;0.7130718954248366;0.675;1;3.0;1.0
add;concerta;3.5;2.5;0.6150297619047619;0.6342483660130719;0.36250000000000004;2;2.0;8.0
add;dexedrine;0.0;2.0;0.5125;0.4019607843137255;0.4694444444444445;1;0.0;1.0
add;dextroamphetamine;3.0;3.0;0.75;0.5294117647058824;0.5;1;0.0;8.0
add;effexor;3.0;2.0;0.55;0.4720588235294118;0.5083333333333333;1;3.0;8.0
add;ritalin;3.5;3.5;0.6334375;0.5628540305010894;0.6658522727272727;2;0.0;9.0
add;strattera;1.5;1.5;0.5257102272727272;0.5659313725490196;0.4806581439393939;2;1.0;2.0
add;vyvanse;4.0;3.0;0.5291666666666667;0.2941176470588235;0.5;1;0.0;10.0
add;wellbutrin-xl;3.0;2.0;0.5;0.5294117647058824;0.5125;1;1.0;8.0
add management;adderall-xr;4.0;1.0;0.6027777777777777;0.43746445547916135;0.5574074074074074;1;6.0;1.0
add, depression;adderall;4.0;3.0;0.4361111111111111;0.5947712418300654;0.75;1;1.0;10.0
add/adhd;adderall;4.0;3.0;0.525;0.4407843137254902;0.555;1;0.0;10.0
addiction;methadone;4.0;2.0;0.55625;0.6372549019607843;0.5526620370370371;1;1.0;8.0
adha;adderall;1.0;3.0;0.75;0.5686274509803921;0.5026041666666666;1;1.0;3.0
adhd;adderall;4.0;3.0;0.6177777777777778;0.807843137254902;0.6266666666666667;1;0.0;10.0
adhd;adderall-xr;3.0;2.5;0.6375;0.32475490196078427;0.5214285714285715;2;1.0;8.0
adhd;focalin-xr;3.0;2.0;0.5833333333333334;0.6673669467787116;0.575;1;0.0;7.0
adhd;ritalin;2.0;3.0;0.55;0.5294117647058824;0.6385416666666667;1;0.0;7.0
adhd;strattera;3.5;2.5;0.4450694444444444;0.4779411764705882;0.5131688596491228;2;2.0;9.0
adhd;vyvanse;4.0;4.0;0.6907407407407408;0.4882352941176471;0.5;1;0.0;10.0
adult  add;methylphenidate;4.0;3.0;0.75;0.5294117647058824;0.5296296296296297;1;0.0;10.0
adult acne;aldactone;4.0;2.0;0.5;0.7336601307189543;0.775;1;1.0;8.0
adult add;adderall;4.0;4.0;0.63125;0.615686274509804;0.5162037037037037;1;0.0;10.0
age spots;claripel-cream;2.0;2.0;0.5;0.7509803921568627;0.5222222222222223;1;1.0;6.0
aging skin;renova;3.0;2.0;0.5533333333333333;0.5392156862745098;0.5532142857142857;1;0.0;8.0
aging skin on face;renova;2.0;3.0;0.5182291666666666;0.5882352941176471;0.5846354166666666;1;1.0;7.0
alcohol withdrawal;ativan;4.0;2.0;0.5166666666666666;0.3725490196078432;0.3;1;0.0;8.0
allergic reaction;pataday;4.0;4.0;0.5125;0.5294117647058824;0.375;1;1.0;10.0
allergies;clarinex;3.0;3.0;0.5791666666666666;0.5870604440123157;0.48125;1;1.0;8.0
allergies;claritin;1.5;4.0;0.5833333333333333;0.5882352941176471;0.5001785714285715;2;0.5;4.5
allergies;cyproheptadine;3.0;2.0;0.7;0.5012254901960784;0.5;1;1.0;8.0
allergies;flonase;3.5;4.0;0.65625;0.5294117647058824;0.4541666666666667;2;0.0;9.0
allergies;nasonex;4.0;3.0;0.5926470588235294;0.4397058823529412;0.35;1;0.0;10.0
allergies;zyrtec;3.75;2.25;0.5358333333333334;0.5532113413547237;0.5921136363636363;4;1.75;8.25
allergies;zyrtec-d;3.0;4.0;0.55;0.6029411764705882;0.6625;1;2.0;9.0
allergies, congested and runny nose;nasonex;3.0;3.0;0.75;0.3970588235294118;0.5;1;0.0;8.0
allergies, sinus congestion;flonase;3.0;3.0;0.6388888888888888;0.4215686274509805;0.5604166666666667;1;0.0;8.0
allergy;allegra;3.0;3.0;0.675;0.2941176470588235;0.5;1;0.0;8.0
allergy;nasonex;4.0;3.0;0.3;0.5343137254901961;0.484375;1;0.0;10.0
allergy - pollen/food syndrome;zyrtec;4.0;4.0;0.51;0.5294117647058824;0.5;1;0.0;10.0
allergy reaction on the face incl swollen face;prednisolone;3.0;4.0;0.4833333333333333;0.5;0.4833333333333333;1;0.0;9.0
allergy/asthma;xyzal;4.0;4.0;0.5;0.5294117647058824;0.6388888888888888;1;0.0;10.0
always crying;lexapro;3.0;4.0;0.575;0.5294117647058824;0.5375;1;2.0;8.0
alzheimer's disease;aricept;0.0;3.0;0.6611111111111111;0.4375;0.5001136363636364;1;1.0;1.0
an unknown ekg wave abnormality;tenormin;1.0;2.0;0.4222222222222222;0.4931372549019608;0.4393518518518519;1;1.0;3.0
ankylosing spondylitis;enbrel;3.0;2.0;0.5765625;0.6911764705882353;0.5;1;0.0;8.0
anti ageing;avita;0.0;4.0;0.4125;0.4823529411764706;0.4270833333333333;1;1.0;1.0
anti aging;retin-a;3.0;2.0;0.5772959183673471;0.6274509803921569;0.5928571428571429;1;0.0;8.0
anti aging;retin-a-micro;2.0;4.0;0.5;0.5294117647058824;0.5205952380952381;1;1.0;7.0
anti inflamatory;mobic;2.0;1.0;0.775;0.5049019607843137;0.4715277777777778;1;3.0;1.0
anti-aging;tazorac;3.0;3.0;0.4996527777777778;0.5955882352941176;0.5527777777777778;1;0.0;8.0
anti-wrinkle;tazorac;3.0;2.0;0.5;0.5098039215686274;0.475;1;0.0;8.0
antianxiety/depression;citalopram;0.0;3.0;0.6875;0.4513305322128852;0.5;1;3.0;1.0
anticonvulsant;dilantin;0.0;2.0;0.25;0.6470588235294118;0.5;1;1.0;1.0
anxiety;alprazolam;3.6666666666666665;3.3333333333333335;0.6259722222222223;0.55479302832244;0.47305555555555556;3;0.3333333333333333;9.333333333333334
anxiety;buspar;4.0;3.0;0.55;0.4599673202614379;0.4052083333333333;1;0.0;10.0
anxiety;citalopram;4.0;3.0;0.7034090909090909;0.7352941176470589;0.5375;1;0.0;10.0
anxiety;diazepam;0.0;0.0;0.5;0.4705882352941176;0.5106666666666667;1;0.0;1.0
anxiety;effexor-xr;3.0;3.0;0.5671006944444444;0.5010825163398693;0.6052083333333333;4;1.25;7.75
anxiety;klonopin;2.5;3.0;0.42916666666666664;0.33333333333333337;0.5099768518518519;2;0.0;5.5
anxiety;lexapro;3.0;4.0;0.5222222222222223;0.4558823529411765;0.5722222222222222;1;0.0;8.0
anxiety;lorazepam;0.0;4.0;0.62625;0.3529411764705882;0.5;1;9.0;1.0
anxiety;oxazepam;4.0;3.0;0.5;0.5294117647058824;0.55025;1;3.0;10.0
anxiety;paxil;3.5;2.5;0.5;0.7794117647058824;0.5777777777777777;2;0.5;9.0
anxiety;paxil-cr;2.0;3.0;0.6625;0.75;0.5575980392156863;1;2.0;7.0
anxiety;propranolol;3.0;3.0;0.43916666666666665;0.5392156862745098;0.5;1;1.0;8.0
anxiety;risperdal;0.0;0.0;0.5;0.5294117647058824;0.4062957875457876;1;0.0;1.0
anxiety;seroquel;2.0;1.0;0.5;0.11764705882352945;0.39625;1;3.0;1.0
anxiety;xanax;3.1666666666666665;2.6666666666666665;0.6301562500000001;0.5172276688453159;0.5411284722222222;6;1.6666666666666667;8.166666666666666
anxiety and depression;paxil;4.0;4.0;0.5608333333333333;0.4479575163398693;0.5608333333333333;1;2.0;10.0
anxiety and depression;wellbutrin-xl;3.0;2.0;0.6909722222222222;0.5650871459694989;0.4638392857142857;1;0.0;7.0
anxiety and panic diorder;alprazolam;4.0;3.0;0.5375;0.4838235294117647;0.50125;1;0.0;10.0
anxiety attacks when driving;celexa;4.0;4.0;0.4924479166666666;0.5294117647058824;0.46875;1;0.0;10.0
anxiety induced palpitations;atenolol;3.0;4.0;0.5875;0.4705882352941176;0.5;1;1.0;9.0
anxiety, ocd;clonazepam;3.0;2.0;0.6333333333333333;0.5640756302521008;0.5;1;1.0;8.0
anxiety,insomnia;desyrel;1.0;2.0;0.775;0.35977421271538923;0.7833333333333333;1;1.0;3.0
anxiety/ panic attacks;clonazepam;4.0;3.0;0.4875925925925926;0.5;0.5;1;0.0;10.0
anxiety/ panic attacks/ insomnia;clonazepam;4.0;3.0;0.5841666666666667;0.5955882352941176;0.5777777777777777;1;1.0;10.0
anxiety/depression;celexa;2.0;2.0;0.75;0.5735294117647058;0.4685185185185185;1;1.0;6.0
anxiety/depression;paxil;3.0;3.0;0.9;0.8235294117647058;0.5157407407407407;1;0.0;8.0
anxiety/ibs;paxil-cr;4.0;3.0;0.6883333333333334;0.4915966386554622;0.4928571428571429;1;1.0;9.0
anxiety/panic attacks;paxil-cr;2.0;1.0;0.5;0.5294117647058824;0.5;1;4.0;1.0
anxiety/panic attacks/;klonopin;4.0;3.0;0.4845238095238095;0.4375;0.5;1;1.0;10.0
arthritic joint pain/carpal tunnel;darvocet-n;4.0;3.0;0.5666666666666667;0.7745098039215687;0.539968364968365;1;2.0;10.0
arthritis;mobic;3.0;2.5;0.5467857142857143;0.4437636165577342;0.5125;2;4.5;4.0
arthritis;naproxen;3.0;1.0;0.5;0.5294117647058824;0.5729166666666666;1;2.0;1.0
arthritis;ultram;1.0;3.0;0.5188525883838384;0.607843137254902;0.5833333333333334;1;5.0;7.0
asthma;advair-diskus;4.0;4.0;0.475;0.45588235294117646;0.478125;2;0.0;10.0
asthma;asmanex;4.0;3.0;0.7;0.5784313725490196;0.5090277777777777;2;0.0;9.0
asthma;prednisolone;3.0;2.0;0.6;0.5412953060011884;0.5125;1;2.0;8.0
asthma;prednisone;4.0;3.0;0.5385416666666667;0.5588235294117647;0.5;1;2.0;10.0
asthma;proair-hfa;4.0;4.0;0.7666666666666666;1.0;0.475;1;0.0;10.0
asthma;singulair;3.0;0.0;0.5104166666666666;0.5861344537815126;0.5;1;2.0;1.0
asthma/allergies;advair-hfa;4.0;4.0;0.563125;0.5147058823529412;0.553125;1;1.0;10.0
atrial fibulation;flecainide;4.0;4.0;0.5833333333333334;0.5294117647058824;0.5008333333333334;1;0.0;10.0
attention deficit disorder;adderall;3.3333333333333335;2.3333333333333335;0.6222354497354496;0.5323295985060691;0.5288293650793651;3;1.0;8.333333333333334
attention issues, to much to do/ too little time;vyvanse;4.0;3.0;0.6;0.4891067538126362;0.55;1;0.0;10.0
avod bacterial infection;zithromax;2.0;2.0;0.5;0.5294117647058824;0.6708333333333334;1;1.0;6.0
b.p.p.v. (benign proxysmal positional vertigo);antivert;2.0;2.0;0.5;0.7352941176470589;0.6;1;1.0;6.0
back;naprosyn;3.0;3.0;0.6375;0.5294117647058824;0.4375;1;2.0;8.0
back acne;doryx;3.0;1.0;0.625;0.5294117647058824;0.5;1;2.0;1.0
back pain;methadone;4.0;2.0;0.5736607142857143;0.4379084967320261;0.5;1;1.0;8.0
back pain;mobic;4.0;0.0;0.484375;0.5287990196078431;0.5;1;0.0;1.0
back pain;oxycodone;4.0;2.0;0.7166666666666667;0.3294117647058824;0.375;1;1.0;8.0
back pain;oxycontin;3.0;0.0;0.5833333333333334;0.4656862745098039;0.5;1;2.0;1.0
back spasm;naproxen;0.0;1.0;0.5;0.0;0.5;1;0.0;1.0
back spasm/pain;flexeril;3.0;1.0;0.75;0.2957516339869281;0.5;1;0.0;1.0
bacterial vaginosis;flagyl;4.0;3.0;0.5;0.7254901960784313;0.6016666666666667;1;2.0;10.0
bacterial vaginosis;metronidazole;2.0;1.0;0.5;0.3146591970121382;0.5378787878787878;1;6.0;1.0
being stressed and nervous but yet confident;lexapro;2.0;1.0;0.6135416666666667;0.44625350140056025;0.955;1;6.0;1.0
bi-polar / anxiety;sarafem;4.0;4.0;0.655719696969697;0.6470588235294118;0.75;1;0.0;10.0
bi-polar disorder;geodon;4.0;3.0;0.4788690476190477;0.5098039215686274;0.5;1;0.0;10.0
bi-polar, depression;seroquel;1.0;0.0;0.625;0.6803921568627451;0.5;1;0.0;1.0
bipolar;abilify;0.0;1.0;0.46875;0.6764705882352942;0.475;1;1.0;1.0
bipolar;lamictal;3.5;3.0;0.5133159722222222;0.48842592592592593;0.525;2;0.5;9.0
bipolar;lithium-carbonate;2.0;1.0;0.61875;0.42590612002376704;0.3961805555555555;1;6.0;1.0
bipolar;risperdal-consta;1.0;2.0;0.5;0.6057422969187676;0.6666666666666666;1;3.0;1.0
bipolar;strattera;3.0;3.0;0.5625;0.6161764705882353;0.58125;1;0.0;8.0
bipolar disorder;depakene;2.0;1.0;0.6098484848484849;0.3968002585649645;0.4800245098039216;1;3.0;1.0
bipolar disorder;lamictal;2.5;2.5;0.5635019841269842;0.5848519800076893;0.5266666666666666;2;0.5;7.0
bipolar disorder;lamotrigine;1.0;1.0;0.65625;0.5395891690009337;0.35;1;0.0;1.0
bipolar disorder;lithium-carbonate;1.0;2.0;0.4743055555555555;0.5294117647058824;0.5833333333333334;1;2.0;3.0
bipolar disorder;seroquel;1.5;1.0;0.5416666666666667;0.5755602240896358;0.675;2;0.0;4.0
bipolar disorder;symbyax;3.0;4.0;0.5109375;0.5441176470588236;0.7107142857142857;1;0.0;8.0
bipolar disorder 2;seroquel-xr;4.0;2.0;0.5412037037037037;0.5403050108932462;0.4;1;1.0;8.0
bipolar disorder ii;wellbutrin;3.0;4.0;0.56;0.5294117647058824;0.5;1;1.0;9.0
bipolar disorder, hypomania.;seroquel;0.0;1.0;0.5;0.4663398692810458;0.6583333333333333;1;0.0;1.0
bipolar disorder, ocd behaviors;lamictal;4.0;3.0;0.5020738636363636;0.5018382352941176;0.4690476190476191;1;0.0;10.0
bipolar disorder/panic attacks;xanax;4.0;1.0;0.7070707070707071;0.4908963585434174;0.5314285714285715;1;3.0;8.0
bipolar ii;lamictal;3.6666666666666665;3.6666666666666665;0.5718260582010583;0.5158730158730159;0.5246362433862434;3;0.0;9.333333333333334
bipolar ii;seroquel-xr;4.0;0.0;0.5919047619047619;0.6365546218487395;0.5;1;7.0;1.0
birth control;depo-provera;4.0;1.0;0.6916666666666667;0.5279411764705882;0.53125;2;2.0;1.0
birth control;nuvaring;4.0;2.75;0.5451388888888888;0.48529411764705876;0.5448579545454545;4;1.25;7.75
birth control;ortho-evra;4.0;2.0;0.5;0.5882352941176471;0.5;1;0.0;8.0
birth control;ortho-tri-cyclen;4.0;2.0;0.575;0.4547930283224401;0.5;1;0.0;8.0
birth control;seasonale;4.0;3.0;0.5;0.5514705882352942;0.5;1;0.0;10.0
birth control;seasonique;3.0;2.5;0.421875;0.5807759987624241;0.5583333333333333;2;1.5;8.5
birth control;triphasil;4.0;4.0;0.5;0.5294117647058824;0.5208333333333334;1;0.0;10.0
birth control;yasmin;3.5714285714285716;1.8571428571428572;0.6424886621315193;0.5296341100542781;0.5012996031746032;7;3.0;6.571428571428571
birth control, heavy periods;ortho-evra;4.0;2.0;0.5;0.6113445378151261;0.5;1;2.0;8.0
birth control/control of menstrual cycle;ortho-tri-cyclen;3.0;2.0;0.5653645833333334;0.6538671023965141;0.593452380952381;1;3.0;7.0
birth control/period regularity;ortho-tri-cyclen;4.0;1.0;0.5613333333333334;0.4384920634920635;0.5;1;1.0;7.0
blackheads;differin;2.0;4.0;0.4847222222222222;0.7931372549019609;0.61875;1;1.0;7.0
bladder infecton;macrobid;4.0;4.0;0.5;0.5294117647058824;0.4666666666666667;1;0.0;10.0
blood clot as a cause of early stage misscarriage;lovenox;4.0;4.0;0.5883333333333334;0.4089635854341737;0.5845833333333333;1;5.0;10.0
blood pressure;atenolol;2.0;4.0;0.75;0.3566176470588235;0.5;1;0.0;7.0
blood pressure;lotrel;4.0;3.0;0.5;0.5294117647058824;0.5;1;2.0;10.0
blood thinning/ circulation during pregnancy;lovenox;4.0;3.0;0.6013888888888889;0.555453431372549;0.5393872549019608;1;0.0;10.0
bone loss;fosamax;3.0;4.0;0.425;0.5020424836601307;0.46875;1;0.0;9.0
borderline personality disorder;seroquel;2.0;1.0;0.4619444444444445;0.5332244008714597;0.4472261904761905;1;4.0;1.0
borderline personality disorder;topamax;2.0;1.0;0.5;0.6470588235294118;0.9;1;3.0;1.0
borreliosis;biaxin;3.0;3.0;0.3611111111111111;0.6344537815126049;0.4;1;0.0;8.0
bowens cancer on tip of nose;aldara;2.0;0.0;0.5;0.30571895424836604;0.5;1;0.0;1.0
breast cancer;femara;2.0;2.0;0.5318181818181819;0.5294117647058824;0.54;1;3.0;6.0
breast cancer;nolvadex;2.0;2.0;0.6653939393939394;0.5686274509803921;0.5613636363636364;1;0.0;7.0
bronchitis;biaxin;3.0;2.0;0.5;0.3137254901960784;0.45625;1;5.0;8.0
bronchitis;dispermox;3.0;3.0;0.56;0.3382352941176471;0.5;1;1.0;8.0
bronchitis;levaquin;2.5;0.0;0.5041666666666667;0.5490196078431373;0.5;2;0.0;1.0
bronchitis infectiion;zithromax;3.0;3.0;0.5649659863945579;0.6160130718954249;0.38295918367346937;1;2.0;8.0
cad;ecotrin;2.0;1.0;0.56875;0.5406162464985994;0.5541666666666667;1;2.0;1.0
cancer;taxotere;4.0;1.0;0.6075;0.2352941176470588;0.4375;1;7.0;1.0
cancer prevention;evista;4.0;4.0;0.575;1.0;0.5;1;0.0;10.0
central sleep apnea related fatigue;provigil;3.0;3.0;0.5309523809523811;0.5728132161955691;0.425;1;0.0;8.0
cervical disk degeneration and lower back pain;ultram-er;4.0;3.0;0.6577380952380952;0.5882352941176471;0.5;1;0.0;10.0
cervical osteoarthritis;ultram;3.0;3.0;0.6258333333333334;0.5882352941176471;0.5;1;0.0;8.0
cervical spondylitis;neurontin;1.0;1.0;0.4583333333333333;0.7246732026143791;0.5125;1;0.0;1.0
chest infection;amoxil;4.0;4.0;0.4559027777777778;0.5882352941176471;0.54375;1;0.0;10.0
chest infection;doxycycline;1.0;2.0;0.4875;0.3910043183940243;0.4154047619047619;1;1.0;3.0
chest pain;norvasc;2.0;3.0;0.5;0.5294117647058824;0.5083333333333333;1;0.0;7.0
chf;furosemide-injection;0.0;4.0;0.65;0.5294117647058824;0.5956349206349206;1;1.0;1.0
cholesterol;lipitor;3.0;2.4;0.591020202020202;0.5157401422107305;0.46749999999999997;5;1.6;6.2
cholesterol;zocor;0.0;1.0;0.5;0.4816176470588235;0.5;1;0.0;1.0
cholesterol levels;lipitor;3.0;4.0;0.4;0.5294117647058824;0.4125;1;1.0;9.0
cholesterol levels;zocor;0.0;0.0;0.6764550264550264;0.5294117647058824;0.5342857142857143;1;0.0;1.0
choloesterol;niaspan;2.0;2.0;0.5925;0.5333196215549156;0.5;1;3.0;6.0
chonic pain;neurontin;1.0;2.0;0.5;0.4117647058823529;0.425;1;2.0;3.0
chronic depression;wellbutrin-xl;4.0;4.0;0.5864285714285714;0.5294117647058824;0.5083333333333333;1;0.0;10.0
chronic dry eyes;restasis;3.0;4.0;0.6875;0.5294117647058824;0.5291666666666667;1;0.0;9.0
chronic fatigue;provigil;2.0;4.0;0.6136363636363636;0.3529411764705882;0.5;1;1.0;7.0
chronic fatigue - epstein barr virus;famvir;3.0;3.0;0.575;0.5294117647058824;0.5;1;2.0;8.0
chronic fatigue syndrome;adipex-p;4.0;3.0;0.6229166666666667;0.3235294117647059;0.5071428571428571;1;0.0;10.0
chronic idiopathic urthicaria with pruritis;fexofenadine;4.0;4.0;0.4883116883116883;0.5294117647058824;0.4375;1;2.0;10.0
chronic pain;lyrica;2.0;2.0;0.5240740740740739;0.5049019607843137;0.58125;1;2.0;6.0
chronic pain from disk hernia in cervical spine;ultracet;4.0;3.0;0.625;0.7254901960784313;0.5;1;1.0;10.0
chronic regional pain syndrome;fentanyl;2.0;2.0;0.57;0.5379901960784313;0.5;1;0.0;6.0
chronic sinusitis;keflex;3.0;4.0;0.51875;0.5294117647058824;0.6442708333333333;1;1.0;8.0
clinical depression;paxil;4.0;2.0;0.6824666666666667;0.8014705882352942;0.59375;1;2.0;8.0
cold sores;valtrex;4.0;3.0;0.5793181818181818;0.4612745098039216;0.5;1;1.0;10.0
cold sores;zovirax;4.0;4.0;0.4130555555555556;0.5294117647058824;0.4624712885154062;2;0.0;10.0
colitis;azulfidine;3.0;3.0;0.4583333333333333;0.8039215686274509;0.5625;1;0.0;8.0
complex regional pain sydrome;lyrica;3.0;1.0;0.5;0.5588235294117647;0.5;1;7.0;1.0
congested sinuses;nasonex;3.0;2.0;0.8;0.5087535014005602;0.5;1;1.0;8.0
contraception;depo-provera;4.0;2.0;0.5666666666666667;0.6705882352941177;0.5;1;4.0;8.0
contraception pill;depo-provera;3.0;0.0;0.25;0.6691176470588236;0.5838383838383838;1;0.0;1.0
control of menstrual periods;seasonale;4.0;4.0;0.60625;0.6879084967320261;0.5;1;2.0;10.0
cosmetic/frown lines;botox;2.0;0.0;0.5428571428571428;0.5;0.5;1;0.0;1.0
costochondritis/ inflammation of the chest wall;naproxen;0.0;2.0;0.5;0.421875;0.405;1;0.0;1.0
crohn's abcess;flagyl;0.0;0.0;0.3;0.5294117647058824;0.5492424242424242;1;0.0;1.0
crohn's disease;humira;4.0;3.0;0.5;0.5882352941176471;0.38166666666666665;1;2.0;10.0
crohns;methotrexate;2.0;3.0;0.4166666666666667;0.4048039215686273;0.5;1;2.0;7.0
crohns;prednisone;4.0;2.0;0.540625;0.5294117647058824;0.5625;1;1.0;8.0
cystic acne;acanya;4.0;3.0;0.625;0.4068627450980392;0.5;1;1.0;10.0
cystic acne;accutane;4.0;2.0;0.55;0.2686274509803921;0.6071428571428571;1;1.0;8.0
cystic acne on chin and jaw;renova;4.0;3.0;0.5;0.4901960784313726;0.5274285714285715;1;0.0;10.0
cystitis;trimethoprim;2.0;4.0;0.21652777777777785;0.7009803921568627;0.5;1;1.0;7.0
daytime sleepiness;provigil;1.0;0.0;0.5;0.5617882982069834;0.5006349206349207;1;0.0;1.0
depression;abilify;3.0;4.0;0.5944444444444444;0.5882352941176471;0.425;2;2.0;8.0
depression;celexa;3.1666666666666665;2.6666666666666665;0.567037037037037;0.6693899782135077;0.48856797138047137;6;0.6666666666666666;7.5
depression;citalopram;2.3333333333333335;1.3333333333333333;0.6116666666666667;0.36310820624546114;0.44166666666666665;3;4.0;1.0
depression;cymbalta;3.0;2.3333333333333335;0.5921576879910214;0.4419934640522876;0.47258101851851847;3;1.6666666666666667;7.666666666666667
depression;desyrel;3.0;2.0;0.5302083333333334;0.5294117647058824;0.5;1;1.0;8.0
depression;effexor;2.3333333333333335;2.0;0.5166666666666666;0.5714908185496421;0.5282175925925926;6;0.6666666666666666;6.166666666666667
depression;effexor-xr;2.6;2.4;0.5666363636363636;0.5253174603174603;0.5222222222222223;5;0.4;6.8
depression;emsam;0.0;0.0;0.5;0.2352941176470588;0.6264204545454546;1;0.0;1.0
depression;lexapro;2.6666666666666665;2.6666666666666665;0.5786111111111111;0.5718954248366014;0.4743716931216932;3;0.6666666666666666;7.666666666666667
depression;mirtazapine;0.0;1.0;0.5;0.4946078431372549;0.6035714285714285;1;0.0;1.0
depression;neurontin;4.0;3.0;0.5377976190476189;0.5972222222222222;0.5;1;2.0;10.0
depression;paxil;1.8571428571428572;1.7142857142857142;0.5338032106782106;0.5248952611347569;0.49839171245421243;7;0.42857142857142855;4.714285714285714
depression;pristiq;3.0;3.0;0.3871362433862434;0.46830065359477124;0.4776041666666667;2;0.0;8.5
depression;prozac;3.4;2.8;0.5096031746031746;0.48907563025210077;0.538422619047619;5;2.0;7.4
depression;remeron;2.0;2.0;0.734375;0.6470588235294118;0.5;1;1.0;7.0
depression;ritalin;2.0;3.0;0.6471969696969697;0.4921568627450981;0.5825;1;2.0;7.0
depression;sarafem;1.0;1.0;0.5845238095238096;0.5412859689330277;0.75;1;5.0;1.0
depression;wellbutrin;2.5714285714285716;3.142857142857143;0.5346230158730159;0.5634253701480593;0.5483304988662131;7;1.0;7.0
depression;wellbutrin-xl;2.5;3.3333333333333335;0.6153935185185185;0.675735294117647;0.5828703703703704;6;0.3333333333333333;7.5
depression;zoloft;3.5;3.25;0.6102062289562289;0.538296568627451;0.6208333333333333;4;0.75;9.0
depression & anxiety;effexor-xr;4.0;4.0;0.677;0.1092436974789916;0.3208333333333333;1;0.0;10.0
depression -- anxiety -- insominia;remeron;2.0;3.0;0.525;0.5058823529411764;0.5;1;1.0;7.0
depression and anxiety;celexa;4.0;3.0;0.6414772727272727;0.5122549019607843;0.6487499999999999;1;0.0;10.0
depression and anxiety;citalopram;3.0;2.0;0.5616666666666666;0.611764705882353;0.65;1;1.0;8.0
depression and anxiety;effexor;0.0;0.0;0.565625;0.5882352941176471;0.4458333333333333;1;0.0;1.0
depression and anxiety;lexapro;3.0;3.0;0.4222222222222222;0.7385620915032679;0.5;1;0.0;8.0
depression not resolved with antidepressant drugs;seroquel;0.0;0.0;0.6136363636363636;0.5294117647058824;0.5126116071428571;1;0.0;1.0
depression, anixety?;effexor-xr;2.0;0.0;0.6041666666666666;0.6304388422035481;0.4883333333333333;1;0.0;1.0
depression, anxiety;citalopram;3.0;2.5;0.4559294871794872;0.7086274509803923;0.7121464646464646;2;1.5;8.0
depression, clinical level;zoloft;4.0;4.0;0.4397685185185185;0.4971988795518208;0.6289215686274511;1;0.0;10.0
depression, insomnia, rx induced insomnia;remeron;3.0;0.0;0.459375;0.4311799719887955;0.4782407407407408;1;6.0;1.0
depression, rumination, anxiety;effexor;2.0;2.0;0.5927272727272728;0.5588235294117647;0.5;1;1.0;6.0
depression, social anxiety disorder;effexor-xr;4.0;2.0;0.6041666666666666;0.44607843137254893;0.5583333333333333;1;2.0;9.0
depression/anxiety;citalopram;1.0;2.0;0.5972222222222222;0.8235294117647058;0.5486111111111112;1;3.0;3.0
depression/anxiety;cymbalta;0.0;0.0;0.5;0.6764705882352942;0.4942283950617284;1;0.0;1.0
depression/anxiety;effexor;1.0;2.0;0.45;0.6911764705882353;0.425;1;1.0;3.0
depression/anxiety;effexor-xr;4.0;3.0;0.5583333333333333;0.7254901960784313;0.75;1;0.0;10.0
depression/anxiety;lexapro;2.5;2.0;0.5615416666666666;0.5794117647058823;0.5635416666666667;2;1.0;5.5
depression/anxiety;wellbutrin;2.0;2.0;0.3;0.6764705882352942;0.4925;1;1.0;5.0
depression/anxiety;wellbutrin-xl;3.0;3.0;0.4833333333333333;0.4803921568627451;0.4970707070707071;1;2.0;8.0
depression/binge eating;topamax;3.0;3.0;0.5515625;0.6176470588235294;0.5857142857142857;1;1.0;8.0
depression/bipolar affective component;citalopram;4.0;2.0;0.4;0.33676470588235297;0.6041666666666666;1;1.0;8.0
dermagraphia, hives;fexofenadine;4.0;4.0;0.7;0.5294117647058824;0.5;1;0.0;10.0
dermatitis;elocon;4.0;1.0;0.6950000000000001;0.625;0.588;1;5.0;1.0
dermatitis ( peri-oral);minocycline;4.0;3.0;0.5;0.4607843137254902;0.5;1;1.0;10.0
diabetes;byetta;4.0;3.0;0.65;0.5477941176470589;0.5;1;0.0;10.0
diabetes;metformin;2.5;4.0;0.5125;0.5821078431372549;0.5;2;1.5;8.0
diabetes type 2;glucophage;2.0;2.0;0.3370535714285714;0.4117647058823529;0.5614409722222222;2;0.0;5.5
diabetes type ii;glucophage-xr;2.0;2.0;0.5;0.5294117647058824;0.525;1;1.0;6.0
diaheria assc. w/ chemo;bentyl;3.0;2.0;0.5387286324786325;0.5294117647058824;0.5;1;1.0;8.0
diarreah;prevalite;3.0;3.0;0.5;0.4243697478991597;0.4708333333333333;1;2.0;8.0
diverticulitis;augmentin;4.0;1.0;0.8;0.33231474407945;0.5;1;7.0;1.0
diverticulitis;metronidazole;4.0;2.0;0.5122023809523809;0.5437139561707036;0.5;1;3.0;9.0
diverticulitis / kidney infection;vicodin;4.0;4.0;0.5;0.5294117647058824;0.5815476190476191;1;0.0;10.0
doctor said my blood pressure was somewhat high 14;prinivil;1.0;1.0;0.43905982905982893;0.4558823529411765;0.5;1;1.0;1.0
dry eye;restasis;2.5;3.5;0.5;0.5130718954248367;0.5041666666666667;2;0.0;7.5
dry, allergic eyes;optivar;3.0;2.0;0.5;0.5294117647058824;0.4666666666666667;1;2.0;8.0
dyspepsia;prilosec;3.0;2.0;0.5633333333333334;0.6127450980392157;0.5;1;0.0;8.0
dysthymia ( chronic, low grade depression );wellbutrin-xl;4.0;4.0;0.66875;0.5294117647058824;0.5986111111111111;1;0.0;10.0
ear infection;dispermox;0.0;2.0;0.4608333333333333;0.5012095747389865;0.5;1;0.0;1.0
ear infection;omnicef;2.0;0.5;0.6458333333333333;0.5349264705882353;0.5272916666666667;2;1.0;1.0
ease breathing/fast heart rate;ativan;1.0;1.0;0.5375;0.02521008403361336;0.5;1;0.0;1.0
eczema;betamethasone;3.0;2.0;0.5805555555555555;0.7352941176470589;0.5311805555555555;1;2.0;8.0
eczema;elocon;4.0;4.0;0.5828125;0.5294117647058824;0.5340909090909091;1;0.0;10.0
eczema;protopic;3.3333333333333335;1.6666666666666667;0.6402777777777778;0.39215686274509803;0.5017361111111112;3;1.0;4.0
eczema/allergies;zyrtec;4.0;4.0;0.40625;0.5294117647058824;0.5;1;0.0;10.0
elevated cholesterol;zocor;3.5;3.5;0.5175000000000001;0.6397058823529411;0.5451388888888888;2;0.0;9.0
elevated cholesterol level;vytorin;4.0;3.0;0.75;0.5588235294117647;0.5409166666666667;1;2.0;10.0
endometriosis;aygestin;1.0;1.0;0.15000000000000002;0.11764705882352945;0.4208333333333333;1;0.0;1.0
endometriosis;danazol;2.0;3.0;0.675;0.44607843137254893;0.5236363636363637;1;0.0;7.0
epilepsy;lamictal;4.0;2.0;0.5590909090909091;0.4540441176470588;0.43972222222222224;1;0.0;8.0
epilepsy;lamotrigine;4.0;3.0;0.53125;0.4795751633986928;0.6677083333333333;1;1.0;10.0
epilepsy;topamax;4.0;2.0;0.4125;0.5994397759103641;0.5035714285714286;1;1.0;8.0
epilepsy, depression and pain;neurontin;4.0;4.0;0.5525974025974025;0.375;0.5554166666666667;1;2.0;10.0
excess acidity;zantac;4.0;3.0;0.5;0.553921568627451;0.5833333333333334;1;0.0;10.0
excessive fears;anafranil;4.0;2.0;0.5059523809523809;0.5222222222222223;0.5765840220385675;1;1.0;8.0
excessive testosterone levels;spironolactone;3.0;4.0;0.5664393939393939;0.6397058823529411;0.5;1;2.0;8.0
eye allergies;patanol;3.0;4.0;0.6361111111111111;0.5294117647058824;0.675;1;1.0;9.0
ezema on my hands;olux;4.0;4.0;0.5104166666666666;0.5612745098039216;0.375;1;0.0;10.0
fatigue;provigil;4.0;4.0;0.5;0.8823529411764706;0.7;1;1.0;10.0
fatigue from neurological and heart cond.;provigil;1.0;4.0;0.5274305555555555;0.5294117647058824;0.725;1;3.0;3.0
fatigue, weight gain, depression;tirosint;0.0;4.0;0.6;0.6225490196078431;0.5482142857142858;1;4.0;1.0
fibromyalgia;cymbalta;1.0;3.0;0.4715277777777778;0.6813725490196079;0.5236111111111111;1;1.0;6.0
fibromyalgia;lyrica;2.6666666666666665;3.0;0.5908564814814815;0.46813725490196073;0.5427222222222222;3;1.6666666666666667;7.666666666666667
fibromyalgia;ritalin;4.0;3.0;0.6256944444444444;0.3529411764705882;0.6118333333333333;1;1.0;10.0
fibromyalgia;trazodone;2.0;3.0;0.5811111111111111;0.4861425339366516;0.675;1;2.0;7.0
fibromyalgia and depression;cymbalta;1.0;2.0;0.41875;0.6176470588235294;0.5125;1;2.0;3.0
fibromylgia;lyrica;3.0;1.0;0.675;0.4117647058823529;0.4835714285714285;1;1.0;7.0
flu;motrin;3.0;0.0;0.5958333333333333;0.4862745098039216;0.5013020833333334;1;0.0;1.0
frequent urination;vesicare;3.0;3.0;0.5722222222222222;0.4901960784313726;0.63125;1;1.0;8.0
fybromyalgia;cymbalta;4.0;4.0;0.5;0.5294117647058824;0.5553571428571429;1;0.0;10.0
gad;effexor;2.0;0.0;0.5;0.5241535210575459;0.5;1;0.0;1.0
gad;effexor-xr;4.0;0.0;0.6363095238095238;0.5717811600164542;0.5739285714285715;1;7.0;1.0
gastric esophogeal reflux disease;prilosec;3.0;4.0;0.5125;0.5294117647058824;0.575;1;0.0;9.0
gastroenteritis;cipro;4.0;4.0;0.5;0.5294117647058824;0.5;1;1.0;10.0
general fluid retention;dyazide;4.0;4.0;0.55;0.5294117647058824;0.5975;1;0.0;10.0
genital herpes;valtrex;3.0;2.0;0.5333333333333333;0.3578431372549021;0.5166666666666667;1;1.0;8.0
gerd;aciphex;3.5;1.0;0.753125;0.5715686274509804;0.4875;2;2.5;4.5
gerd;nexium;4.0;4.0;0.59375;0.5294117647058824;0.6;1;0.0;10.0
gerd;prilosec;2.75;3.75;0.42499999999999993;0.5392156862745099;0.5318055555555555;4;0.25;7.5
gerd;protonix;2.0;4.0;0.5;0.5294117647058824;0.4196428571428572;1;1.0;7.0
gerd;zegerid;3.0;4.0;0.7;0.565359477124183;0.5;1;0.0;8.0
glaucoma;lumigan;3.0;3.0;0.5;0.5294117647058824;0.625;1;1.0;8.0
greater depression;remeron;4.0;3.0;0.5;0.5392156862745098;0.5677696078431372;1;0.0;10.0
gum infection;flagyl;2.0;0.0;0.52;0.4558823529411765;0.4994444444444445;1;0.0;1.0
h-pylori;amoxil;4.0;4.0;0.46875;0.5294117647058824;0.7;1;0.0;10.0
h1n1;tamiflu;0.0;0.0;0.390625;0.5294117647058824;0.5568181818181818;1;0.0;1.0
hair loss;minoxidil;4.0;3.0;0.5539682539682539;0.6116557734204794;0.5583333333333332;3;0.6666666666666666;9.333333333333334
hair loss;propecia;4.0;3.0;0.6;0.5995753381566531;0.5612254901960785;1;3.0;10.0
hair loss;proscar;2.0;3.0;0.625;0.7254901960784313;0.5;1;0.0;7.0
hair loss/ facial hair;aldactone;1.0;2.0;0.525;0.5882352941176471;0.55;1;0.0;3.0
hallucinations;risperdal-consta;3.0;1.0;0.375;0.5294117647058824;0.5166666666666667;1;4.0;1.0
hand pain;ultram;2.0;2.0;0.5555555555555556;0.5;0.6124999999999999;1;2.0;6.0
hashimoto's thyroiditis;synthroid;4.0;4.0;0.6232323232323232;0.5475935828877005;0.49175;1;2.0;10.0
hashimotos syndrome - hypothyroid symptoms;synthroid;4.0;4.0;0.5071428571428571;0.8235294117647058;0.5;1;0.0;10.0
head injury  / brain trauma;dilantin;3.0;2.0;0.4875;0.3142857142857143;0.53375;1;2.0;8.0
headache;ecotrin;4.0;4.0;0.6666666666666666;0.5294117647058824;0.5;1;2.0;10.0
headache/migrain;motrin;0.0;3.0;0.4309523809523809;0.5294117647058824;0.5;1;1.0;1.0
headaches;flexeril;4.0;3.0;0.5958333333333333;0.4103641456582633;0.5;1;1.0;10.0
headake;motrin;4.0;3.0;0.41875;0.7352941176470589;0.5;1;0.0;10.0
heart murmer;coumadin;2.0;1.0;0.5;0.5294117647058824;0.5;1;3.0;1.0
heart racing and fluttering;atenolol;3.0;3.0;0.5333333333333333;0.5661764705882353;0.5;1;1.0;8.0
heartburn;nexium;4.0;4.0;0.525;0.8333333333333334;0.5;1;0.0;10.0
heartburn;ranitidine;3.0;4.0;0.5791666666666666;0.5294117647058824;0.6510416666666667;2;0.5;8.5
heavy menstrual bleeding;ortho-tri-cyclen-lo;1.0;2.0;0.5;0.5171568627450981;0.825;1;1.0;3.0
herniated disc;vicodin;4.0;3.0;0.5166666666666667;0.6241830065359477;0.4604166666666667;1;0.0;10.0
herpes;acyclovir;3.0;4.0;0.5825;0.6470588235294118;0.45535714285714285;2;1.0;8.5
herpes;valtrex;3.5;2.5;0.5378472222222223;0.5368872549019608;0.4756944444444444;2;1.5;9.0
herpes;zovirax;4.0;4.0;0.4;0.6764705882352942;0.5;1;0.0;10.0
herpes zoster;valtrex;4.0;3.0;0.5;0.5294117647058824;0.34990079365079363;1;0.0;10.0
hiatal hernia;nexium;4.0;4.0;0.56;0.5294117647058824;0.5;1;0.0;10.0
high  cholesterol;lipitor;0.0;1.0;0.4065238095238095;0.4038706391647569;0.4848148148148148;1;1.0;1.0
high blood cholesterol;zocor;4.0;2.0;0.8;0.5294117647058824;0.5423295454545455;1;3.0;8.0
high blood cholesterol levels;lipitor;3.0;4.0;0.46;0.5294117647058824;0.5353703703703704;1;1.0;9.0
high blood levels of thrombisin;evista;4.0;4.0;0.575;0.5294117647058824;0.5;1;0.0;10.0
high blood preasure;prinivil;2.0;3.0;0.75;0.5294117647058824;0.46875;1;3.0;7.0
high blood pressure;atacand;3.0;3.5;0.5525;0.7922794117647058;0.5708191609977324;2;1.0;8.0
high blood pressure;atenolol;4.0;4.0;0.58;0.5620915032679739;0.5;1;0.0;10.0
high blood pressure;benicar-hct;2.0;2.0;0.5;0.5294117647058824;0.5240625;1;1.0;7.0
high blood pressure;capoten;1.0;1.0;0.5;0.5220588235294118;0.5;1;0.0;1.0
high blood pressure;catapres;4.0;3.0;0.5;0.7647058823529412;0.49;1;0.0;10.0
high blood pressure;corgard;4.0;4.0;0.5;0.5367647058823529;0.5;1;0.0;10.0
high blood pressure;cozaar;4.0;4.0;0.45;0.5294117647058824;0.5433333333333333;1;0.0;10.0
high blood pressure;diovan;3.0;1.3333333333333333;0.534837962962963;0.5404995331465919;0.5405208333333333;3;0.3333333333333333;5.666666666666667
high blood pressure;dyrenium;3.0;3.0;0.50875;0.4901960784313726;0.5777777777777777;1;1.0;8.0
high blood pressure;hyzaar;4.0;3.0;0.5895;0.8382352941176471;0.575;1;2.0;10.0
high blood pressure;metoprolol;2.5;3.0;0.5441666666666667;0.5245098039215687;0.5;2;1.0;7.5
high blood pressure;norvasc;4.0;4.0;0.5833333333333334;0.5294117647058824;0.625;1;0.0;10.0
high blood pressure;prinivil;2.0;2.3333333333333335;0.38333333333333336;0.4292156862745098;0.4950132275132275;3;1.3333333333333333;3.6666666666666665
high blood pressure;tekturna-hct;0.0;1.0;0.4361111111111111;0.5294117647058824;0.5;1;0.0;1.0
high blood pressure & left ventricular hypertrophy;prinivil;2.0;3.0;0.5;0.3125;0.5;1;2.0;7.0
high cholerterol;zocor;4.0;4.0;0.5;0.5294117647058824;0.4125;1;1.0;10.0
high cholesterol;lipitor;2.4;2.2;0.5058888888888889;0.5469654528478058;0.534;5;0.2;6.0
high cholesterol;mevacor;0.0;0.0;0.5;0.6470588235294118;0.4706944444444445;1;0.0;1.0
high cholesterol;niaspan;4.0;3.0;0.7239583333333334;0.4803921568627451;0.5390625;1;0.0;10.0
high cholesterol;vytorin;2.0;2.0;0.58125;0.5980392156862745;0.5353571428571429;1;4.0;7.0
high cholestrol;zetia;3.0;4.0;0.5247222222222222;0.5294117647058824;0.5;1;0.0;9.0
high total cholesterol;niaspan;4.0;3.0;0.5890277777777778;0.5228758169934641;0.54125;1;0.0;10.0
high-normal hypertension;prinivil;2.0;0.0;0.5;0.5017320261437909;0.41605218855218856;1;0.0;1.0
hiv;sustiva;3.0;0.0;0.5;0.4352941176470588;0.5;1;0.0;1.0
hiv;trental;4.0;3.0;0.525;0.6601307189542484;0.5;1;2.0;10.0
hives;benadryl;3.0;4.0;0.5541666666666667;0.4926470588235294;0.5133333333333333;1;1.0;8.0
hormonal acne/sun damage;avage;4.0;3.0;0.75;0.6102941176470589;0.4571428571428571;1;0.0;10.0
hormone balance;aygestin;4.0;4.0;0.594;0.5980392156862745;0.5416666666666666;1;1.0;10.0
hormone replacement therapy;climara;0.0;1.0;0.4431818181818182;0.5294117647058824;0.463220856524428;1;0.0;1.0
hormones;provera;1.0;1.0;0.5;0.1764705882352941;0.5359375;1;2.0;1.0
hot flashes;catapres;0.0;3.0;0.625;0.5166122004357299;0.625;1;1.0;1.0
hsv1;acyclovir;4.0;3.0;0.4375;0.6261437908496732;0.6171875;1;0.0;10.0
htn;norvasc;4.0;4.0;0.85;0.8431372549019608;0.8;1;0.0;10.0
hyhpothyroidism;armour-thyroid;4.0;4.0;0.625;0.5294117647058824;0.6064814814814815;1;0.0;10.0
hypercholestremia;crestor;3.0;4.0;0.57;0.6029411764705882;0.5883333333333334;1;0.0;9.0
hyperlipidemia;zocor;4.0;4.0;0.5;0.4313725490196079;0.4694444444444445;1;0.0;10.0
hyperpigmentation;avage;2.0;3.0;0.6041666666666666;0.6985294117647058;0.5970238095238095;1;1.0;7.0
hypertension;atenolol;2.0;3.0;0.47;0.5600490196078431;0.5175;1;1.0;7.0
hypertension;benicar-hct;3.0;2.5;0.49322916666666666;0.5840919701213818;0.5575446428571429;2;0.0;5.5
hypertension;dyrenium;3.0;2.0;0.575;0.1764705882352941;0.5833333333333334;1;3.0;7.0
hypertension;metoprolol;3.0;4.0;0.5;0.6470588235294118;0.65;1;1.0;9.0
hypertension;norvasc;2.0;2.0;0.5;0.5294117647058824;0.5;1;2.0;7.0
hypertension;prinivil;1.0;2.0;0.4;0.4117647058823529;0.4725;1;0.0;3.0
hypertension;zebeta;3.0;3.0;0.4775;0.6013071895424836;0.5175;1;1.0;8.0
hyperthyroid - graves disease;propylthiouracil;2.0;2.0;0.75;0.5294117647058824;0.38125;1;1.0;6.0
hyperthyroidism;methimazole;4.0;1.0;0.575;0.5882352941176471;0.6067142857142858;1;4.0;1.0
hyperthyroidism;tapazole;4.0;4.0;0.7125;0.5294117647058824;0.6416666666666666;1;0.0;10.0
hypothyroid;armour-thyroid;3.0;4.0;0.575;0.5494652406417113;0.48984375;2;0.5;8.5
hypothyroid;synthroid;2.5;4.0;0.4682870370370371;0.5431480284421462;0.5138888888888888;2;1.0;8.0
hypothyroid;tirosint;0.0;0.0;0.4597402597402597;0.5294117647058824;0.5;1;0.0;1.0
hypothyroid, hashimoto;tirosint;0.0;1.0;0.65625;0.5294117647058824;0.6;1;1.0;1.0
hypothyroidism;levoxyl;2.3333333333333335;4.0;0.5107744107744108;0.5245098039215687;0.5423611111111112;3;0.3333333333333333;6.333333333333333
hypothyroidism;synthroid;3.0;3.6666666666666665;0.5276388888888889;0.6101307189542483;0.5969618055555556;6;0.8333333333333334;8.0
hypothyroidism;tirosint;2.0;4.0;0.5;0.5226890756302521;0.5676282051282051;1;1.0;7.0
hypothyroidsim;tirosint;3.0;4.0;0.5625;0.6029411764705882;0.5;1;0.0;9.0
hysterectomy;vivelle-dot;4.0;4.0;0.7000000000000001;0.2941176470588235;0.5036858974358974;1;0.0;10.0
i had blotchy skin in the form of freckles and sun;retin-a;0.0;2.0;0.4;0.875;0.459375;1;4.0;1.0
ibs;dicyclomine;2.0;3.0;0.5;0.4215686274509804;0.5666666666666667;1;0.0;7.0
idiopathic excema;elidel;4.0;4.0;0.5;0.5294117647058824;0.4196428571428571;1;0.0;10.0
impotence;cialis;4.0;4.0;0.5819444444444445;0.4558823529411765;0.455;1;0.0;10.0
improve bone density;actonel;2.0;2.0;0.5;0.5263772175536882;0.6666666666666666;1;1.0;6.0
incontinence;detrol-la;3.0;3.0;0.4375;0.303921568627451;0.7188888888888889;1;1.0;8.0
indigestion and check pain;nexium;3.0;4.0;0.5083333333333333;0.5;0.5;1;1.0;9.0
infected lymph node;keflex;0.0;1.0;0.5;0.5294117647058824;0.440625;1;1.0;1.0
infection (in ear);amoxil;3.0;4.0;0.7083333333333333;0.5294117647058824;0.55;1;1.0;9.0
infertility;clomid;2.0;1.0;0.6126157407407408;0.5403119429590018;0.5670833333333334;2;0.5;4.0
inflamation 10 years after surgery;mobic;4.0;2.0;0.5340909090909091;0.5294117647058824;0.5;1;2.0;8.0
insomnia;ambien;3.5;3.5;0.50625;0.5637254901960784;0.5520833333333334;2;0.5;9.0
insomnia;ambien-cr;3.6666666666666665;3.3333333333333335;0.6555555555555556;0.6111111111111112;0.5172839506172839;3;1.0;9.666666666666666
insomnia;ativan;3.0;2.5;0.6963541666666666;0.6013725490196078;0.5307954545454545;2;0.0;8.0
insomnia;desyrel;3.5;2.0;0.5460416666666666;0.5122899159663865;0.5722556390977444;2;2.5;5.5
insomnia;elavil;1.5;1.5;0.7229166666666667;0.5950980392156863;0.47893229166666673;2;1.5;4.0
insomnia;fluvoxamine;4.0;4.0;0.53203125;0.7254901960784315;0.5;1;1.0;10.0
insomnia;lunesta;2.5;3.0;0.5078125;0.44117647058823534;0.5822916666666667;2;0.5;7.5
insomnia;oxazepam;3.0;3.0;0.5763888888888888;0.6313725490196078;0.4875;1;0.0;8.0
insomnia;restoril;4.0;4.0;0.7125;0.5294117647058824;0.525;1;0.0;10.0
insomnia;seroquel;4.0;2.0;0.56875;0.5294117647058824;0.725;1;3.0;8.0
insomnia;trazodone;2.75;2.0;0.5438041125541127;0.45109180035650626;0.467836286976912;4;0.25;6.75
insomnia/ a bit of depression;trazodone;3.0;3.0;0.5680555555555555;0.5006743438115987;0.5;1;3.0;8.0
insomnia/poor sleep quality;trazodone;3.0;3.0;0.5096354166666667;0.5136165577342048;0.309375;1;1.0;8.0
insulin resistance;glucophage;4.0;4.0;0.6;0.6102941176470589;0.5;1;0.0;10.0
interstital cystitis;tramadol;2.0;4.0;0.484375;0.4742647058823529;0.5666666666666667;1;2.0;7.0
irregular periods;ortho-tri-cyclen;4.0;4.0;0.625;0.5294117647058824;0.5;1;0.0;10.0
irritable bowel syndrome;zoloft;2.0;3.0;0.4583333333333333;0.5294117647058824;0.4083333333333333;1;3.0;7.0
itching body rash;prednisone;1.0;3.0;0.5;0.5294117647058824;0.6055555555555555;1;1.0;3.0
itchy watery eyes;allegra;2.0;4.0;0.40625;0.5294117647058824;0.5;1;4.0;7.0
keratosis pilaris;retin-a;3.0;4.0;0.5;0.5294117647058824;0.7;1;1.0;9.0
kidney infection;keflex;4.0;3.0;0.4958333333333334;0.4509803921568628;0.4645833333333334;1;1.0;10.0
kidney infection;proquin-xr;3.0;3.0;0.5;0.5294117647058824;0.545;1;2.0;8.0
labyrinthitis;antivert;4.0;2.0;0.3875;0.4558823529411765;0.415;1;2.0;8.0
lack of attention for studying/school;adderall-xr;4.0;2.0;0.875;0.5236928104575164;0.5;1;0.0;8.0
lactation;reglan;1.0;4.0;0.425;0.5294117647058824;0.3;1;1.0;3.0
laryngopharyngeal reflux;nexium;4.0;4.0;0.625;0.5110294117647058;0.5;1;0.0;10.0
lashes;lumigan;4.0;3.0;0.5;0.6274509803921569;0.5846969696969697;1;1.0;10.0
leg pain from compressed spinal cord;lyrica;4.0;2.0;0.521422558922559;0.5012745098039215;0.5603174603174603;1;0.0;9.0
lessen periods due to pain with adenomyosis;seasonique;4.0;2.0;0.8;0.3382352941176471;0.5;1;1.0;8.0
lethergy;levoxyl;1.0;3.0;0.7232142857142857;0.5294117647058824;0.5;1;1.0;3.0
localized acne;differin;4.0;3.0;0.5125;0.6617647058823529;0.56;1;0.0;10.0
loss of bone density;evista;3.0;4.0;0.85;0.7516339869281046;0.5;1;1.0;9.0
low estragen;vivelle-dot;4.0;4.0;0.7428571428571429;0.4705882352941176;0.6590909090909091;1;0.0;10.0
low hdl;niaspan;3.0;3.0;0.5;0.4541176470588235;0.55;1;0.0;8.0
low thyroid;armour-thyroid;4.0;4.0;0.43333333333333335;0.5294117647058824;0.475;1;0.0;10.0
low thyroid;synthroid;2.0;1.0;0.625;0.451593137254902;0.725;1;0.0;1.0
lyme ? or unknown;doxycycline;4.0;4.0;0.4766666666666667;0.4558823529411765;0.35;1;2.0;10.0
lyme disease;clarithromycin;4.0;3.0;0.475;0.5294117647058824;0.5420982142857143;1;1.0;10.0
m.r.s.a.;doxycycline;3.0;3.0;0.5965277777777778;0.5776470588235294;0.5697348484848485;1;0.0;8.0
major depressive disorder/anxiety;cymbalta;4.0;3.0;0.51875;0.5176470588235295;0.5;1;2.0;10.0
major depressive episode;paxil;3.0;2.0;0.75;0.6397058823529411;0.5;1;0.0;7.0
malaria prevention;malarone;2.0;1.0;0.4791666666666667;0.4718487394957983;0.5691964285714286;1;2.0;1.0
male pattern baldness;propecia;3.0;4.0;0.5697537878787879;0.6013071895424836;0.5952380952380952;1;0.0;8.0
male pattern baldness;proscar;3.0;3.0;0.6041666666666666;0.8235294117647058;0.56;1;1.0;8.0
male-pattern baldness;propecia;0.0;0.0;0.5;0.5411764705882353;0.5;1;0.0;1.0
melasma;glyquin-xm;1.0;3.0;0.7166666666666667;0.8823529411764706;0.35;1;0.0;3.0
melasma;tazorac;3.0;3.0;0.75;0.4705882352941176;0.5;1;1.0;8.0
melasma;tri-luma;4.0;2.0;0.520188492063492;0.4901960784313726;0.5;1;2.0;8.0
menapouse;prometrium;4.0;4.0;0.625;0.5294117647058824;0.580952380952381;1;1.0;10.0
menopausal hot flashes;estrasorb;4.0;4.0;0.5625;0.6323529411764706;0.8;1;0.0;10.0
menopausal symptoms;vivelle-dot;4.0;3.0;0.625;0.625;0.5972222222222222;1;1.0;10.0
menopausal systems;effexor-xr;0.0;3.0;0.6194444444444445;0.7196691176470589;0.5241666666666667;1;1.0;1.0
menopause;combipatch;4.0;4.0;0.54375;0.5303921568627451;0.5885185185185184;1;0.0;10.0
menopause;divigel;4.0;4.0;0.5833333333333334;0.7205882352941176;0.5966666666666667;1;0.0;10.0
menopause;femhrt;4.0;4.0;0.5208333333333334;0.5294117647058824;0.5;1;0.0;10.0
menopause;premarin;2.6666666666666665;2.6666666666666665;0.549861111111111;0.48578431372549025;0.5810846560846561;3;0.0;7.0
menopause;prempro;2.6666666666666665;1.6666666666666667;0.48134920634920636;0.5650793650793651;0.5950000000000001;3;2.6666666666666665;3.3333333333333335
menopause;vivelle-dot;4.0;4.0;0.5941666666666666;0.5744206773618539;0.4986111111111111;1;0.0;10.0
menopause symptoms;combipatch;2.0;1.0;0.955;0.5294117647058824;0.5;1;0.0;1.0
migraine;effexor;4.0;4.0;0.5725;0.4446078431372549;0.5;1;1.0;10.0
migraine;imitrex;3.0;2.0;0.825;0.44677871148459386;0.73;1;1.0;8.0
migraine;maxalt;3.5;3.0;0.47372395833333336;0.6109068627450981;0.4930555555555556;2;0.5;9.0
migraine;ponstel;3.0;4.0;0.5263888888888889;0.5294117647058824;0.5683333333333334;1;1.0;8.0
migraine;topamax;3.0;2.0;0.5538210227272727;0.5161765848530554;0.5013680555555555;4;1.0;6.5
migraine;zomig;3.2;2.6;0.4831428571428571;0.46820728291316527;0.48397927689594356;5;0.8;8.2
migraine headaches;imitrex;4.0;4.0;0.6666666666666666;0.4191176470588235;1.0;1;0.0;10.0
migraine headaches;relpax;1.0;2.0;0.4552380952380952;0.476750700280112;0.4552380952380952;1;2.0;3.0
migraine prevention;topamax;3.0;3.0;0.5883950617283951;0.5322595704948646;0.5064141414141414;1;0.0;8.0
migraine/tension headaches/sleep;flexeril;4.0;3.0;0.7;0.4901960784313726;0.675;1;0.0;10.0
migraines;elavil;3.5;2.5;0.41041666666666665;0.46110527544351076;0.42916666666666664;2;1.0;9.0
migraines;maxalt;4.0;3.0;0.5875;0.5294117647058824;0.5;1;0.0;10.0
migraines;relpax;3.0;3.0;0.5;0.5294117647058824;0.5482142857142858;1;1.0;8.0
migraines;topamax;3.0;2.0;0.5;0.5392156862745098;0.5516666666666666;1;1.0;8.0
migraines;zomig;3.0;3.0;0.6279166666666667;0.7745098039215687;0.5354166666666667;1;1.0;8.0
migraines, back spasm, insomnia;valium;4.0;4.0;0.5444444444444444;0.5294117647058824;0.5166666666666666;1;0.0;10.0
migrane;imitrex;1.0;0.0;0.5;0.7598039215686275;0.5;1;0.0;1.0
migranes;tramadol;2.0;1.0;0.89;0.4371843434343434;0.58;1;4.0;1.0
mild acne;differin;2.0;3.0;0.42291666666666666;0.607843137254902;0.5041666666666667;1;2.0;7.0
mild acne;finacea;4.0;4.0;0.5;0.5294117647058824;0.5;1;0.0;10.0
mild acne;retin-a-micro;1.0;2.0;0.6277777777777778;0.8235294117647058;0.5;1;0.0;3.0
mild but resistant acne;sotret;4.0;2.0;0.5946666666666667;0.5687908496732026;0.5904824561403509;1;0.0;8.0
mild depression;lexapro;4.0;4.0;0.825;0.5477941176470589;0.3798214285714286;1;0.0;10.0
mild depression;paxil;3.5;3.0;0.5798214285714285;0.42565359477124187;0.5267857142857143;2;0.0;9.0
mild to moderate depression;effexor-xr;3.0;3.0;0.5340277777777778;0.3578431372549019;0.5;1;0.0;8.0
moderate persisting acne;tetracycline;3.0;3.0;0.3583333333333333;0.5098039215686274;0.5;1;0.0;8.0
mood;citalopram;4.0;3.0;0.6083333333333334;0.5147058823529411;0.5333333333333333;1;2.0;10.0
mood disorder;lamictal;4.0;2.0;0.5833333333333334;0.5441176470588235;0.5;1;1.0;8.0
mrsa infected hip resurfacing.;doxycycline;4.0;2.0;0.55;0.5294117647058824;0.5;1;1.0;8.0
ms-related fatigue;provigil;3.0;3.0;0.5291666666666667;0.4738562091503268;0.48;1;0.0;8.0
multinodular goiter;synthroid;2.0;2.0;0.75;0.5457516339869282;0.5097222222222222;1;1.0;6.0
multiple sclerosis;baclofen;3.0;3.0;0.3;0.2181372549019608;0.5;1;0.0;8.0
multiple sclerosis;naltrexone;4.0;4.0;0.6416666666666667;0.6213235294117647;0.4829545454545455;1;0.0;10.0
multiple sclerosis;provigil;3.0;3.0;0.4375;0.5294117647058824;0.5357142857142857;1;0.0;8.0
muscle inflammation;naprosyn;0.0;3.0;0.565625;0.5735294117647058;0.5912760416666667;1;0.0;1.0
muscle spasm;skelaxin;4.0;4.0;0.6916666666666667;0.6421568627450981;0.6026785714285714;1;0.0;10.0
muscle spasm/neck and upper back pain;flexeril;3.0;2.0;0.5520833333333334;0.6764705882352942;0.5;1;0.0;8.0
"musculoskeletal pain; nerve pain";naproxen;3.0;3.0;0.6950000000000001;0.4967320261437909;0.545;1;0.0;8.0
musle relaxant;pamelor;4.0;3.0;0.5881696428571428;0.5294117647058824;0.5;1;3.0;10.0
myalgic encephalomyelitis/cfs;genotropin;3.0;3.0;0.5564009661835749;0.5282112845138055;0.5023030303030303;1;0.0;8.0
myofascial pain;lyrica;1.0;1.0;0.5845833333333333;0.4794117647058824;0.4791666666666667;1;1.0;1.0
narcolepcy;provigil;3.0;4.0;0.44666666666666666;0.4477124183006536;0.6;1;1.0;9.0
narcolepsy;provigil;4.0;4.0;0.6030303030303029;0.5294117647058824;0.55;1;0.0;10.0
nasal congestion from allergies;flonase;3.0;3.0;0.6416666666666666;0.5294117647058824;0.500462962962963;1;3.0;8.0
nausea;phenergan;3.0;1.0;0.4375;0.38602941176470573;0.5;1;5.0;7.0
nausea;zofran;0.0;0.0;0.5;0.6200980392156863;0.0;1;0.0;1.0
nausea (after surgery);zofran;0.0;0.0;0.5;0.4926470588235294;0.5;1;0.0;1.0
nausea, headaches, dizziness;vicodin;3.0;2.0;0.5069444444444444;0.3382352941176471;0.5;1;7.0;8.0
neck pain;flexeril;4.0;3.0;0.74;0.5294117647058824;0.75;1;2.0;10.0
nerve pain - great skin sensitivity;neurontin;3.0;3.0;0.5875;0.5140056022408963;0.6152557319223986;1;0.0;8.0
nightly leg pain;tramadol;4.0;4.0;0.55;0.5294117647058824;0.5466666666666666;1;0.0;10.0
no more monthly periods;lybrel;3.0;3.0;0.375;0.6274509803921569;0.58125;1;1.0;8.0
nodular acne;accutane;4.0;3.0;0.5524147727272727;0.5163398692810458;0.875;1;0.0;10.0
obesity;meridia;4.0;2.3333333333333335;0.5684656084656085;0.6125816993464053;0.5138888888888888;3;2.6666666666666665;7.0
obesity;xenical;3.5;2.5;0.625;0.5473856209150327;0.4182098765432099;2;1.0;9.0
obsessive compulsive disorder;sarafem;3.0;3.0;0.6077380952380953;0.5294117647058824;0.59375;1;0.0;8.0
ocd;paxil;0.0;0.0;0.5;0.6611519607843137;0.5333333333333333;1;0.0;1.0
ocd;paxil-cr;3.0;3.0;0.5783143939393941;0.4901960784313726;0.43333333333333335;1;1.0;8.0
ocd;topamax;3.0;4.0;0.5846230158730159;0.7712418300653595;0.4848214285714286;1;0.0;8.0
opiate dependency;methadone;4.0;2.0;0.5216666666666666;0.6691176470588236;0.496875;1;0.0;8.0
oral contraceptive;estrostep-fe;4.0;3.0;0.5;0.6512605042016807;0.5;1;2.0;10.0
"oral surgery; extraction, implants";clindamycin;3.0;1.0;0.15000000000000008;0.5352941176470588;0.5;1;2.0;1.0
osteo arthritis;piroxicam;4.0;3.0;0.9;0.6633986928104575;0.6023809523809524;1;0.0;10.0
osteo-arthritis;etodolac;3.0;3.0;0.6483333333333333;0.6470588235294118;0.5655133928571429;1;1.0;8.0
osteopenia associated with menopause;evista;4.0;3.0;0.5416666666666666;0.7156862745098039;0.5129166666666667;1;1.0;10.0
osteopenia in both hips and lower back;fosamax;2.0;2.0;0.4583333333333333;0.43770424836601307;0.5083333333333333;1;3.0;6.0
osteoporosis;alendronate;0.0;1.0;0.509738005050505;0.5294117647058824;0.5;1;2.0;1.0
osteoporosis;fosamax;1.8;3.0;0.4875;0.5890196078431372;0.5646349206349207;5;1.0;5.0
osteoprosis;fosamax;0.0;0.0;0.5;0.5514705882352942;0.5;1;0.0;1.0
ostoarthritis, severe body and joint pains;celebrex;3.0;4.0;0.89;0.5294117647058824;0.459375;1;0.0;8.0
ovarian cysts.;seasonique;3.0;1.0;0.5;0.6235294117647059;0.5666666666666667;1;0.0;1.0
over eating, reduce wieght gain;meridia;3.0;2.0;0.5123076923076924;0.5294117647058824;0.6333333333333333;1;0.0;8.0
over weight;xenical;2.0;2.0;0.75;0.6470588235294118;0.6516483516483517;1;3.0;5.0
overactive bladder;vesicare;4.0;4.0;0.5;0.7381535947712419;0.4369791666666667;1;0.0;10.0
overweight;xenical;2.0;2.0;0.5;0.7830882352941178;0.4653703703703704;1;1.0;6.0
pain;ecotrin;2.0;4.0;0.5283670033670034;0.5294117647058824;0.5;1;1.0;7.0
pain after minor surgery;tylenol-with-codeine;3.0;1.0;0.4645833333333334;0.5947712418300654;0.5148809523809523;1;6.0;7.0
pain from recovering from abdominal surgery;lortab;4.0;1.0;0.46875;0.8235294117647058;0.5458333333333334;1;3.0;1.0
pain in legs (diagnosis restless leg syndrome);mirapex;1.0;2.0;0.5416666666666666;0.5073529411764706;0.7;1;0.0;3.0
pain in my legs;lyrica;3.0;2.0;0.5;0.5294117647058824;0.4680555555555556;1;3.0;8.0
pain management after sugery;percocet;2.0;1.0;0.6125;0.4369747899159664;0.7333333333333334;1;2.0;1.0
pain relief;neurontin;4.0;3.0;0.6158730158730159;0.5079656862745098;0.5890625;1;1.0;10.0
pain relief after outpatient hernia surgery;darvocet-n;1.0;1.0;0.5;0.64640522875817;0.65;1;0.0;1.0
panic attack;paxil;4.0;4.0;0.5;0.5294117647058824;0.5493716931216931;1;1.0;10.0
panic attacks;alprazolam;3.0;3.0;0.6306746031746031;0.4759803921568627;0.4267857142857143;1;3.0;8.0
panic attacks;lorazepam;4.0;3.0;0.6178571428571429;0.6311274509803921;0.4833333333333333;1;0.0;10.0
panic attacks;paxil;3.0;2.0;0.5095454545454545;0.4884135472370766;0.4764003673094582;1;1.0;7.0
panic disorder;celexa;4.0;3.0;0.5936363636363636;0.4117647058823529;0.5;1;0.0;10.0
panic disorder;klonopin;4.0;4.0;0.5525297619047619;0.8235294117647058;0.553125;1;0.0;10.0
panic disorder and anxiety;citalopram;3.0;2.0;0.6190476190476191;0.5036764705882353;0.5;1;0.0;8.0
partial hysterectomy;premarin;4.0;3.0;0.52125;0.5294117647058824;0.5;1;1.0;10.0
pcos/ irregular periods;ortho-tri-cyclen-lo;4.0;3.0;0.5;0.38235294117647056;0.425;1;1.0;10.0
pcos/insulin resistance;glucophage;4.0;2.0;0.5;0.5294117647058824;0.5;1;0.0;8.0
perimenopause;climara;2.0;1.0;0.0;0.7483660130718954;0.55;1;4.0;1.0
peripheral pain arms;neurontin;2.0;3.0;0.5384259259259261;0.7107843137254902;0.5;1;0.0;7.0
phycotic episode;risperdal;4.0;0.0;0.44;0.3431372549019608;0.3895833333333333;1;0.0;1.0
pimples;accutane;4.0;2.0;0.525;0.4975490196078432;0.6583333333333333;1;1.0;8.0
pmdd;sarafem;4.0;3.0;0.6031746031746031;0.5294117647058824;0.5;1;0.0;10.0
pneumonia;levaquin;4.0;1.0;0.55;0.4117647058823529;0.4180555555555556;1;0.0;1.0
pneumonia;zithromax;4.0;3.0;0.65;0.5212418300653595;0.703125;1;0.0;10.0
polymorphous light eruption (pmle);prednisone;3.0;4.0;0.4791666666666667;0.5294117647058824;0.47075;1;1.0;9.0
polymyalgia rheumatica (pmr);prednisone;2.0;1.0;0.5520833333333334;0.4246323529411765;0.504375;1;1.0;1.0
poss. rheumitoid arth. lupus, or fibromyalgia;mobic;0.0;2.0;0.425;0.2941176470588235;0.85;1;1.0;1.0
possible uti - i think?;proquin-xr;0.0;0.0;0.5;0.5294117647058824;0.5625;1;0.0;1.0
post dental work;clindamycin;2.0;1.0;0.65;0.4901960784313726;0.5;1;1.0;1.0
post menapausal osteopenia;fosamax;0.0;1.0;0.625;0.5784313725490197;0.5;1;1.0;1.0
post partum depression;lexapro;3.0;4.0;0.53125;0.5294117647058824;0.58;1;0.0;9.0
post surgery;amoxil;4.0;2.0;0.5;0.7352941176470589;0.5;1;5.0;8.0
post tooth extraction;amoxil;2.0;2.0;0.5;0.3964932126696833;0.6186507936507937;1;1.0;6.0
post trauma depression;wellbutrin-xl;3.0;3.0;0.5375;0.5522247360482655;0.55;1;0.0;8.0
post-op pain;vicodin;4.0;1.0;0.5;0.5441176470588236;0.4458333333333333;1;0.0;1.0
pre cancer cels and aging;retin-a-micro;2.0;1.0;0.5;0.4640522875816994;0.5;1;4.0;1.0
pre-menepause;prempro;3.0;3.0;0.5475;0.6535947712418301;0.5138888888888888;1;0.0;8.0
pregnancy;nuvaring;4.0;2.0;0.5625;0.8235294117647058;0.5;1;3.0;8.0
pregnancy avoidance;nordette;4.0;4.0;0.7222222222222222;0.5661764705882353;0.5;1;0.0;10.0
pregnancy prevention;ortho-tri-cyclen;4.0;2.0;0.646875;0.511764705882353;0.5037878787878788;1;5.0;8.0
prevent pregnancy;alesse;4.0;4.0;0.51875;0.5294117647058824;0.5;1;0.0;10.0
prevent pregnancy;yasmin;2.0;0.0;0.6666666666666666;0.375;0.54;1;0.0;1.0
prevent pregnancy/reduce frequency of migraines;seasonique;3.0;1.0;0.5;0.4705882352941176;0.5;1;1.0;1.0
preventing pregnancy;depo-provera;4.0;1.0;0.5920000000000001;0.5040369088811996;0.5916666666666667;1;3.0;1.0
preventing pregnancy;seasonique;3.0;1.0;0.5;0.6194852941176471;0.75;1;3.0;1.0
prevention of diabetes;metformin;2.0;3.0;0.4578125;0.565359477124183;0.625;1;1.0;7.0
prickly heat/heat rash;prednisolone;4.0;4.0;0.4260683760683761;0.4955436720142602;0.625;1;0.0;10.0
prolactin inhibitor;dostinex;3.0;3.0;0.56;0.6421568627450981;0.6416666666666666;1;2.0;8.0
psoraisis;clobetasol;2.0;3.0;0.5;0.5294117647058824;0.5305555555555556;1;0.0;7.0
psoraitic arthritis;methotrexate;3.0;1.0;0.5;0.5294117647058824;0.65;1;2.0;1.0
psoriasis;taclonex;4.0;4.0;0.5;0.5294117647058824;0.375;1;0.0;10.0
psoriatic arthritis;methotrexate;3.0;0.0;0.5;0.4709150326797386;0.75;1;7.0;1.0
psychosis;risperdal;1.0;2.0;0.5722222222222222;0.1176470588235295;0.5;1;2.0;3.0
psychosis;zyprexa;4.0;1.0;0.5;0.38235294117647056;0.5625;1;4.0;1.0
ptsd;lamotrigine;4.0;4.0;0.734375;0.5294117647058824;0.675;1;0.0;10.0
quit smoking;chantix;2.0;2.0;0.5044444444444445;0.4239028944911298;0.5037037037037037;1;3.0;6.0
quit smoking;zyban;0.0;0.0;0.5;0.640406162464986;0.5;1;0.0;1.0
ra;methotrexate;4.0;1.0;0.66875;0.6509803921568628;0.5714285714285714;1;3.0;1.0
ra and ankylizing spondolitis;arava;0.0;1.0;0.5;0.6928104575163399;0.5;1;0.0;1.0
rapid heart rate;propranolol;4.0;3.0;0.563045634920635;0.5294117647058824;0.5;1;5.0;10.0
rash under nasal area;noritate;4.0;4.0;0.5643686868686869;0.6470588235294118;0.50625;1;0.0;10.0
reaction with benzoyl peroxide;claripel-cream;3.0;1.0;0.5;0.5294117647058824;0.4583333333333333;1;3.0;1.0
reactive arthritis (leg joint swelling/stiffness);voltaren;2.0;0.0;0.5833333333333334;0.38235294117647056;0.5059523809523809;1;0.0;1.0
reactive arthritis (presents like ra);remicade;3.0;2.0;0.4084821428571429;0.6344537815126049;0.3;1;0.0;7.0
recurrent pseudomonas chest infection;proquin-xr;2.0;2.0;0.5;0.5756302521008404;0.4458333333333333;1;1.0;6.0
reduce wrinkles;avita;1.0;3.0;0.7044642857142858;0.5259103641456583;0.5847222222222223;1;5.0;3.0
reflux;kapidex;3.0;4.0;0.5;0.5294117647058824;0.5083333333333333;1;0.0;8.0
reflux;prevacid;4.0;4.0;0.6166666666666667;0.5294117647058824;0.5;1;0.0;10.0
reflux;protonix;2.5;4.0;0.64;0.5441176470588236;0.4910714285714286;2;0.5;8.0
restless leg syndrome;requip;4.0;3.0;0.5;0.5294117647058824;0.5;1;0.0;10.0
restless legs syndrome;requip;4.0;4.0;0.38125;0.5294117647058824;0.5;1;1.0;10.0
rheumatoid arthritis;enbrel;4.0;2.5;0.6125;0.5220588235294118;0.47173333333333334;2;1.0;9.0
rheumatoid arthritis;humira;0.0;0.0;0.5625;0.8823529411764706;0.6833333333333333;1;0.0;1.0
rheumatoid arthritis;indocin;4.0;4.0;0.5147727272727273;0.9558823529411764;0.6875;1;0.0;10.0
rheumatoid arthritis;methotrexate;4.0;4.0;0.5;0.5294117647058824;0.5738095238095238;1;0.0;10.0
rheumatoid arthritis;prednisone;3.5;2.5;0.5;0.6862745098039216;0.5293749999999999;2;0.5;9.0
rhinitis;zyrtec;3.0;1.0;0.5625;0.651764705882353;0.6208;1;4.0;7.0
rhuematoid arthritis;enbrel;4.0;4.0;0.5386363636363636;0.5294117647058824;0.5;1;0.0;10.0
rls;requip;4.0;4.0;0.5;0.2941176470588235;0.5;1;2.0;10.0
rls associated with sleep apnea;requip;1.0;0.0;0.5;0.6287581699346405;0.5;1;0.0;1.0
root canal pain;vicodin;1.0;2.0;0.40625;0.3725490196078432;0.5468720238095238;1;0.0;1.0
rosacea;metrogel;2.0;2.5;0.4770833333333333;0.4676120448179272;0.4304945054945055;2;0.0;5.5
rosacea;oracea;4.0;4.0;0.6388888888888888;0.5294117647058824;0.5;1;0.0;10.0
rosacea/acne;finacea;3.0;4.0;0.4166666666666667;0.6274509803921569;0.5611111111111111;1;1.0;9.0
rosacia;metrogel;0.0;3.0;0.4722222222222222;0.4901960784313726;0.3689814814814815;1;1.0;1.0
rosacia;tazorac;2.0;2.0;0.6472222222222223;0.5330882352941176;0.5;1;1.0;6.0
roseasa;metrogel;3.0;2.0;0.675;0.5294117647058824;0.5194444444444445;1;0.0;8.0
schizo-affect/bi-polar;zyprexa;4.0;3.0;0.6136363636363636;0.5294117647058824;0.6611111111111111;1;0.0;10.0
sciatic nerve pain;tramadol;3.0;2.0;0.5;0.6470588235294118;0.5;1;0.0;8.0
sciatica and back pain;ultram;2.0;1.0;0.5555555555555556;0.4117647058823529;0.5083333333333333;1;2.0;1.0
seasonal allergies;allegra;3.5;3.5;0.37916666666666665;0.7647058823529411;0.475;2;0.0;9.0
seasonal allergies;xyzal;3.0;3.0;0.4913265306122449;0.4464285714285714;0.6375;1;0.0;8.0
seasonal allergies;zyrtec;3.5;3.5;0.4889375;0.5098039215686274;0.4826875;2;0.0;9.0
sedation dentistry for dental implants;triazolam;3.0;2.0;0.5;0.6470588235294118;0.6;1;4.0;8.0
seizure;carbamazepine;3.0;2.0;0.4833333333333333;0.3958169934640523;0.5;1;0.0;8.0
serve acne;accutane;3.0;2.0;0.5;0.5294117647058824;0.29000000000000004;1;0.0;8.0
servere stomach pains and reaccuring gastritis.;prevacid;3.0;3.0;0.5;0.4509803921568628;0.5;1;0.0;8.0
severe abcessed tooth;augmentin;4.0;3.0;0.5;0.5294117647058824;0.5;1;1.0;10.0
severe abdominal pain yet to be diagnosed;tramadol;2.0;0.0;0.5;0.49054621848739505;0.5;1;0.0;1.0
severe asthma;prednisone;4.0;2.0;0.39166666666666666;0.4705882352941176;0.5236111111111111;1;0.0;8.0
severe back pain;mobic;1.0;2.0;0.5;0.5294117647058824;0.4235714285714286;1;0.0;1.0
severe back pain resulting from a herniated disc;oxycodone;4.0;3.0;0.5;0.5508578431372549;0.955;1;2.0;10.0
severe clinical depression;zoloft;3.0;3.0;0.5708333333333333;0.4803921568627451;0.4298214285714286;1;1.0;8.0
severe depression;effexor-xr;4.0;3.0;0.5264204545454545;0.7448752228163993;0.65;1;1.0;10.0
severe depression;paxil;0.0;0.0;0.38333333333333336;0.3627450980392156;0.4375;1;0.0;1.0
severe depression;pristiq;0.0;2.0;0.5;0.4558823529411765;0.5555555555555556;1;0.0;1.0
severe depression< agrophobia & other phobias;xanax;4.0;4.0;0.6060606060606061;0.6470588235294118;0.5;1;1.0;10.0
severe melasma;tri-luma;4.0;3.0;0.5875;0.7254901960784313;0.5319166666666667;1;0.0;10.0
severe nodular acne;sotret;2.0;2.0;0.5;0.5098039215686274;0.7625;1;0.0;6.0
severe pms and menstrual pain;depo-provera;4.0;4.0;0.4673076923076923;0.6356209150326797;0.38333333333333336;1;0.0;10.0
severe sore throat with pus, and ear pain on same;omnicef;1.0;1.0;0.75;0.4215686274509804;0.5267857142857143;1;0.0;1.0
severe wrist pain;mobic;4.0;4.0;0.5833333333333334;0.4603386809269162;0.625;1;0.0;10.0
shingles;valtrex;4.0;4.0;0.5296351297061525;0.5294117647058824;0.5;1;0.0;10.0
shingles breakout;acyclovir;4.0;4.0;0.4625;0.5294117647058824;0.455;1;0.0;10.0
shortness of breath, paranoia;adipex-p;3.0;3.0;0.5269230769230769;0.4663865546218488;0.75;1;1.0;8.0
shoulder & neck pain;vicodin;0.0;0.0;0.5;0.4901960784313726;0.46875;1;0.0;1.0
sinus allergies/hives;clarinex;4.0;4.0;0.6860416666666667;0.5294117647058824;0.5138888888888888;1;0.0;10.0
sinus congestion;flonase;4.0;4.0;0.40708333333333335;0.4803921568627451;0.55;1;1.0;10.0
sinus infection;augmentin;4.0;2.0;0.5;0.5609243697478992;0.6071428571428571;1;1.0;8.0
sinus infection;avelox;0.0;0.6666666666666666;0.5083333333333333;0.5184194890077243;0.5077546296296296;3;0.0;1.0
sinus infection;biaxin;2.6666666666666665;3.0;0.5009722222222223;0.43395969498910675;0.48333333333333334;3;0.6666666666666666;6.333333333333333
sinus infection;erythromycin;2.0;2.0;0.375;0.4705882352941176;0.5604166666666667;1;1.0;5.0
sinus infection;omnicef;3.0;0.0;0.5;0.5294117647058824;0.4709821428571429;1;2.0;1.0
sinus infection due to seasonal allergy;clarithromycin;4.0;2.0;0.5;0.5117647058823529;0.6316666666666666;1;0.0;8.0
sinus infection, chest infection;biaxin;3.0;3.0;0.5625;0.3790849673202614;0.625;1;1.0;8.0
sinusitis;biaxin-xl;3.0;1.0;0.5;0.4127450980392157;0.5;1;5.0;3.0
sinusitis;clarithromycin;3.0;1.0;0.4166666666666667;0.5196078431372549;0.5;1;6.0;1.0
sinusitis;levaquin;0.0;1.0;0.4;0.5411764705882353;0.5571428571428572;1;0.0;1.0
skin  texture changes due to rosacea;metrogel;0.0;4.0;0.5;0.5294117647058824;0.4833333333333333;1;0.0;1.0
skin breakouts/birth control;reclipsen;4.0;3.0;0.525;0.6764705882352942;0.5;1;0.0;10.0
skin pores/fine lines;renova;2.0;3.0;0.6979166666666667;0.5294117647058824;0.4388888888888889;1;0.0;7.0
skin problem;klaron;3.0;2.0;0.15000000000000008;0.5294117647058824;0.4635714285714286;1;0.0;8.0
sleep;ambien-cr;0.0;0.0;0.5;0.4117647058823529;0.4125;1;0.0;1.0
sleep;restoril;4.0;3.0;0.8200000000000001;0.5147058823529412;0.5;1;1.0;10.0
sleep disorder, insomnia;trazodone;4.0;4.0;0.75;0.5049019607843137;0.5;1;1.0;10.0
sleep disorders;xyrem;1.0;3.0;0.4203125;0.4803921568627451;0.4498106060606061;1;0.0;3.0
sleep distubance/mild depression;serzone;4.0;3.0;0.5941666666666666;0.615686274509804;0.5342857142857143;1;0.0;10.0
sleeping;ambien-cr;4.0;4.0;0.6433333333333333;0.5294117647058824;0.5;1;0.0;10.0
sleeplessness;ambien;0.0;1.0;0.5625;0.6274509803921569;0.4;1;8.0;1.0
sleeplessness;ambien-cr;4.0;4.0;0.5354166666666667;0.5294117647058824;0.5;1;0.0;10.0
sleeplessness;desyrel;4.0;3.0;0.8;0.4836601307189543;0.5886458333333333;1;1.0;10.0
sleeplessness - depression;seroquel;4.0;3.0;0.5;0.5294117647058824;0.625;1;2.0;10.0
sleeplessness associated with depression;trazodone;4.0;3.0;0.5;0.411764705882353;0.5371710526315789;1;0.0;10.0
slipped disc in back;diclofenac;3.0;3.0;0.497718253968254;0.3977591036414566;0.54;1;0.0;8.0
slow thyroid  & irregular period;tirosint;4.0;4.0;0.5078333333333334;0.6764705882352942;0.5;1;1.0;10.0
smoking;chantix;4.0;3.0;0.3247767857142857;0.6029411764705882;0.5;1;0.0;10.0
smoking;zyban;4.0;4.0;0.5;0.5294117647058824;0.5026785714285714;1;0.0;10.0
smoking cessation;chantix;3.0;1.75;0.5247447916666667;0.5105982457085398;0.5121377628724704;8;0.875;5.5
smoking cessation;zyban;1.0;0.5;0.5;0.5294117647058824;0.5586805555555555;2;2.5;1.0
sore throat;omnicef;4.0;0.0;0.5;0.5294117647058824;0.5681818181818181;1;2.0;1.0
sore throat with a low grade fever;amoxil;4.0;4.0;0.5375;0.6764705882352942;0.5;1;0.0;10.0
spasdic bladder;detrol-la;1.0;3.0;0.4541666666666666;0.607843137254902;0.5;1;1.0;3.0
spring allergies, allergy cough;claritin;1.0;3.0;0.5791666666666667;0.4901960784313726;0.6107142857142858;1;4.0;3.0
stills disase;remicade;3.0;0.0;0.5;0.5464285714285715;0.6027777777777777;1;0.0;1.0
stomach acid;prilosec;2.0;4.0;0.6277777777777778;0.5294117647058824;0.5;1;1.0;7.0
stomach acid/reflux;nexium;4.0;4.0;0.6166666666666667;0.5294117647058824;0.6083333333333334;1;3.0;10.0
stomach bacteria;flagyl;3.0;2.0;0.7583333333333333;0.5;0.5576190476190476;1;2.0;8.0
stomach nervousness;aciphex;4.0;4.0;0.6950000000000001;0.5294117647058824;0.4541666666666666;1;0.0;10.0
stop smoking;chantix;2.0;2.0;0.5;0.7026143790849674;0.4285714285714286;1;1.0;6.0
stop smoking;zyban;3.0;1.0;0.5;0.4989106753812637;0.475;1;3.0;1.0
stop smoking/depression;wellbutrin;2.0;2.0;0.55625;0.6176470588235294;0.6354166666666666;1;0.0;6.0
strep  throat;amoxil;4.0;4.0;0.55;0.5294117647058824;0.5914502164502164;1;0.0;10.0
strep throat;omnicef;3.0;0.0;0.5;0.5462184873949579;0.5825;1;0.0;1.0
streptoccocus:severe sore throat,high fever(104.4);panixine-disperdose;4.0;1.0;0.5;0.5294117647058824;0.4772278911564626;1;7.0;1.0
stress and depression;paxil;4.0;2.0;0.6325000000000001;0.6831699346405229;0.5;1;0.0;8.0
stress/insomnia;ambien;3.0;3.0;0.5;0.5238970588235294;0.5;1;0.0;8.0
substitute for a barbiturate;klonopin;4.0;4.0;0.6166666666666667;0.5294117647058824;0.5410714285714285;1;0.0;10.0
supposed adhd;dexedrine;0.0;2.0;0.5661458333333333;0.08627450980392165;0.48375;1;2.0;1.0
supraventricular tachycardia;atenolol;3.0;1.0;0.58;0.6372549019607843;0.5176500223914017;1;0.0;7.0
surgical memopause;premarin;2.0;3.0;0.6583333333333333;1.0;0.4791666666666667;1;3.0;7.0
surgical menopause;estrace;2.5;2.0;0.5625;0.5829768270944742;0.563046875;2;1.5;6.5
suspected upper respiratory infection;augmentin;4.0;2.0;0.9;0.4767610748002905;0.0;1;5.0;8.0
swollen lymph nodes, sick;avelox;4.0;3.0;0.5722222222222222;0.5399159663865546;0.3875;1;1.0;10.0
tachycardia;atenolol;4.0;2.0;0.4292361111111112;0.5294117647058824;0.4833333333333333;1;1.0;8.0
temporomandibular joint disorder (tmj);elavil;2.0;2.0;0.5;0.4392156862745098;0.5;1;1.0;6.0
tendonitis of the foot, specifially big toe;naproxen;3.0;4.0;0.5;0.5294117647058824;0.4238095238095238;1;1.0;9.0
tendonitis pain;vicodin;2.0;2.0;0.375;0.5294117647058824;0.46875;1;3.0;6.0
tension headaches, upper/lower back pain, neck pai;flexeril;2.0;2.0;0.5;0.5661764705882353;0.6;1;1.0;6.0
the flu;tamiflu;2.0;3.0;0.6260416666666666;0.45588235294117646;0.565625;2;0.5;6.5
thinning hair and balding;propecia;4.0;4.0;0.5572222222222222;0.5098039215686274;0.5;1;1.0;10.0
throat infection and cough;amoxil;3.0;3.0;0.5609375;0.5718954248366013;0.7166666666666667;1;0.0;8.0
thyroid;synthroid;3.5;3.5;0.5756845238095238;0.5294117647058824;0.47673611111111114;2;0.5;9.0
thyroid cancer;synthroid;4.0;4.0;0.65;0.5882352941176471;0.625;1;0.0;10.0
tmj - inflamation;mobic;3.0;4.0;0.5677777777777778;0.625;0.5;1;0.0;9.0
to prevent pregnancy;seasonique;1.0;2.0;0.5;0.4029236694677871;0.5240885416666666;1;0.0;1.0
to quit smoking;zyban;0.0;0.0;0.5;0.6099439775910365;0.525;1;0.0;1.0
tobacco addiction;chantix;4.0;0.0;0.534375;0.3529411764705882;0.575;1;0.0;1.0
toe-nail fungus;lamisil;4.0;3.0;0.5435185185185185;0.6680515562868504;0.6016666666666667;1;0.0;10.0
toenail fungus;penlac;0.0;4.0;0.5;0.5294117647058824;0.4765625;1;0.0;1.0
tonsilitis, possible strep, and ear infection;augmentin;4.0;2.0;0.5;0.5294117647058824;0.4833333333333333;1;3.0;8.0
tonsillitis;zmax;4.0;4.0;0.5333333333333333;0.5294117647058824;0.575;1;0.0;10.0
tonsillitis, sinusitis also bad tooth ache.;keflex;4.0;4.0;0.5669642857142857;0.8235294117647058;0.3250000000000001;1;0.0;10.0
tooth abscess;dispermox;4.0;4.0;0.5875;0.5294117647058824;0.6875;1;0.0;10.0
toothache;tylenol;4.0;4.0;0.43333333333333335;0.4656862745098039;0.62;1;1.0;10.0
tremor;propranolol;3.0;3.0;0.5;0.5392156862745098;0.52;1;2.0;8.0
tri geminal neuralgia;trileptal;2.0;2.0;0.5375;0.5294117647058824;0.5;1;1.0;6.0
type 2 diabetes;metformin;2.0;3.0;0.5875;0.8235294117647058;0.5;1;1.0;7.0
ulcer;biaxin;4.0;0.0;0.3815972222222223;0.5819964349376114;0.296875;1;0.0;1.0
ulcer;tetracycline;1.0;0.0;0.4375;0.5294117647058824;0.6083333333333333;1;0.0;1.0
under active thyroid;levoxyl;4.0;4.0;0.6130952380952381;0.4730392156862745;0.5388888888888889;1;0.0;10.0
uneven skin colour, anti-aging;differin;4.0;3.0;0.675;0.5589235694277711;0.6097222222222223;1;1.0;10.0
uneven skin tone and wrinkle prevention;retin-a-micro;4.0;3.0;0.6916666666666667;0.6015406162464986;0.525;1;0.0;10.0
unexplained infertility;clomid;0.0;1.0;0.625;0.607843137254902;0.5111111111111111;1;0.0;1.0
unregulated periods;seasonique;4.0;3.0;0.436;0.5294117647058824;0.5;1;0.0;10.0
upper respiratory infection;biaxin;4.0;1.0;0.7333333333333334;0.2784313725490196;0.6333333333333333;1;1.0;1.0
urinary infection;septra;4.0;4.0;0.6625;0.6764705882352942;0.45;1;0.0;10.0
uti;macrobid;2.0;2.0;0.5666666666666667;0.45557111733582323;0.6375;2;0.0;2.0
vaginal dryness;vagifem;3.0;3.0;0.525;0.4742647058823529;0.3984953703703704;1;0.0;8.0
very high cholestrol level 9.1;crestor;4.0;4.0;0.5;0.6764705882352942;0.5;1;2.0;10.0
very oily skin;differin;3.0;3.0;0.4537698412698413;0.5529411764705883;0.43333333333333335;1;1.0;8.0
very severe acne;minocycline;3.0;4.0;0.75;0.5294117647058824;0.6080952380952381;1;0.0;9.0
vitalago;protopic;0.0;4.0;0.675;0.55548128342246;0.4625;1;4.0;1.0
waking early;trazodone;4.0;4.0;0.5770833333333334;0.5294117647058824;0.6833333333333333;1;0.0;10.0
wanted to drop about 30 lbs;meridia;3.0;3.0;0.57;0.6499183006535948;0.5833333333333334;1;0.0;8.0
weak bladder  wet bed;desmopressin;4.0;3.0;0.4375;0.5294117647058824;0.5;1;1.0;10.0
weight loss;adipex-p;3.5;2.5;0.5472488569123184;0.5950922035480859;0.46875;2;0.0;8.0
weight loss;meridia;1.0;3.5;0.5872685185185185;0.5620915032679739;0.5260416666666667;2;1.0;4.5
weightloss;adipex-p;4.0;2.0;0.521875;0.2941176470588235;0.5;1;0.0;8.0
whiplash/ back and neck pain from auto accident;mobic;4.0;1.0;0.5;0.5966386554621849;0.4716666666666667;1;5.0;1.0
wieght loss;adipex-p;1.0;3.0;0.5035714285714286;0.7254901960784313;0.5;1;2.0;3.0
wrinkles;botox;2.0;3.0;0.4;0.38235294117647056;0.6333333333333333;1;1.0;7.0
wrinkles;renova;2.5;2.0;0.5670138888888889;0.5486928104575164;0.4964028944911298;2;1.0;6.0
wrinkles premature aging;tazorac;1.0;2.0;0.5645833333333333;0.4246323529411765;0.46875;1;2.0;3.0
wrinkles, brown spots;tazorac;2.0;2.0;0.5041666666666667;0.3627450980392157;0.6458333333333334;1;0.0;6.0
wrinkles,uneven skin tone,large pores;tazorac;2.0;2.0;0.5;0.4313725490196079;0.4625;1;1.0;6.0
wrinkling aroung the eyes and lips;retin-a;3.0;2.0;0.6186111111111111;0.5330882352941176;0.4916666666666667;1;3.0;7.0
yeast infection;cipro;2.0;3.0;0.75;0.2941176470588235;0.65;1;1.0;7.0
